	タイトル	2021-07-08	2021-07-09	2021-07-10	2021-07-11	2021-07-12	2021-07-13	2021-07-14	2021-07-15	2021-07-16	2021-07-17	2021-07-18	2021-07-19	2021-07-20	2021-07-21	2021-07-22	2021-07-23	2021-07-24	2021-07-25	2021-07-26	2021-07-27	2021-07-28	2021-07-29	2021-07-30	2021-07-31	2021-08-01	2021-08-02	2021-08-03	2021-08-04	2021-08-05	2021-08-06	2021-08-07	2021-08-08	2021-08-09	2021-08-10	2021-08-11	2021-08-12	2021-08-13	2021-08-14	2021-08-15	2021-08-16	2021-08-17	2021-08-18	2021-08-19	2021-08-20	2021-08-21	2021-08-22	2021-08-23	2021-08-24	2021-08-25	2021-08-26	2021-08-27	2021-08-28	2021-08-29	2021-08-30	2021-08-31	2021-09-01	2021-09-02	2021-09-03	2021-09-04	2021-09-05	2021-09-06	2021-09-07	2021-09-08	2021-09-09	2021-09-10	2021-09-11	2021-09-12	2021-09-13	2021-09-14	2021-09-15	2021-09-16	2021-09-17	2021-09-18	2021-09-19	2021-09-20	2021-09-21	2021-09-22	2021-09-23	2021-09-24	2021-09-25	2021-09-26	2021-09-27	2021-09-28	2021-09-29	2021-09-30	2021-10-01	2021-10-02	2021-10-03	2021-10-04	2021-10-05	2021-10-06	2021-10-07	2021-10-08	2021-10-09	2021-10-10	2021-10-11	2021-10-12	2021-10-13	2021-10-14	2021-10-15	2021-10-16	2021-10-17	2021-10-18	2021-10-19	2021-10-20	2021-10-21	2021-10-22	2021-10-23	2021-10-24	2021-10-25	2021-10-26	2021-10-27	2021-10-28	2021-10-29	2021-10-30	2021-10-31	2021-11-01	2021-11-02	2021-11-03	2021-11-04	2021-11-05	2021-11-06	2021-11-07	2021-11-08	2021-11-09	2021-11-10	2021-11-11	2021-11-12	2021-11-13	2021-11-14	2021-11-15	2021-11-16	2021-11-17	2021-11-18	2021-11-19	2021-11-20	2021-11-21	2021-11-22	2021-11-23	2021-11-24	2021-11-25	2021-11-26	2021-11-27	2021-11-28	2021-11-29	2021-11-30	2021-12-01	2021-12-02	2021-12-03	2021-12-04	2021-12-05	2021-12-06	2021-12-07	2021-12-08	2021-12-09	2021-12-10	2021-12-11	2021-12-12	2021-12-13	2021-12-14	2021-12-15	2021-12-16	2021-12-17	2021-12-18	2021-12-19	2021-12-20	2021-12-21	2021-12-22	2021-12-23	2021-12-24	2021-12-25	2021-12-26	2021-12-27	2021-12-28	2021-12-29	2021-12-30	2021-12-31	2022-01-01	2022-01-02	2022-01-03	2022-01-04	2022-01-05	2022-01-06	2022-01-07	2022-01-08	2022-01-09	2022-01-10	2022-01-11	2022-01-12	2022-01-13	2022-01-14	2022-01-15	2022-01-16	2022-01-17	2022-01-18	2022-01-19	2022-01-20	2022-01-21	2022-01-22	2022-01-23	2022-01-24	2022-01-25	2022-01-26	2022-01-27	2022-01-28	2022-01-29	2022-01-30	2022-01-31	2022-02-01	2022-02-02	2022-02-03	2022-02-04	2022-02-05	2022-02-06	2022-02-07	2022-02-08	2022-02-09	2022-02-10	2022-02-11	2022-02-12	2022-02-13	2022-02-14	2022-02-15	2022-02-16	2022-02-17	2022-02-18	2022-02-19	2022-02-20	2022-02-21	2022-02-22	2022-02-23	2022-02-24	2022-02-25	2022-02-26	2022-02-27	2022-02-28	2022-03-01	2022-03-02	2022-03-03	2022-03-04	2022-03-05	2022-03-06	2022-03-07	2022-03-08	2022-03-10	2022-03-11	2022-03-12	2022-03-13	2022-03-14	2022-03-15	2022-03-16	2022-03-17	2022-03-18	2022-03-19	2022-03-20	2022-03-21	2022-03-22	2022-03-23	2022-03-24	2022-03-25	2022-03-26	2022-03-27	2022-03-28	2022-03-29	2022-03-30	2022-04-01	2022-04-02	2022-04-03	2022-04-04	2022-04-05	2022-04-06	2022-04-07	2022-04-08	2022-04-09	2022-04-10	2022-04-11	2022-04-12	2022-04-13	2022-04-14	2022-04-15	2022-04-16	2022-04-17	2022-04-18	2022-04-19	2022-04-20	2022-04-21	2022-04-22	2022-04-23	2022-04-24	2022-04-25	2022-04-26	2022-04-27	2022-04-28	2022-04-29	2022-04-30	2022-05-01	2022-05-02	2022-05-03	2022-05-04	2022-05-05	2022-05-06	2022-05-07	2022-05-08	2022-05-09	2022-05-10	2022-05-11	2022-05-12	2022-05-13	2022-05-14	2022-05-15	2022-05-16	2022-05-17	2022-05-18	2022-05-19	2022-05-20	2022-05-21	2022-05-22	2022-05-23	2022-05-24	2022-05-25	2022-05-26	2022-05-27	2022-05-28	2022-05-29	2022-05-30	2022-05-31	2022-06-01	2022-06-02	2022-06-03	2022-06-04	2022-06-05	2022-06-06	2022-06-07	2022-06-08	2022-06-09	2022-06-10	2022-06-11	2022-06-12	2022-06-13	2022-06-14	2022-06-15	2022-06-16	2022-06-17	2022-06-18	2022-06-19	2022-06-20	2022-06-21	2022-06-22	2022-06-23	2022-06-24	2022-06-25	2022-06-26	2022-06-27	2022-06-28	2022-06-29	2022-06-30	2022-07-01	2022-07-02	2022-07-03	2022-07-04	2022-07-05	2022-07-06	2022-07-07	2022-07-08	2022-07-09	2022-07-10	2022-07-11	2022-07-12	2022-07-13	2022-07-14	2022-07-15	2022-07-16	2022-07-17	2022-07-18	2022-07-19	2022-07-20	2022-07-21	2022-07-22	2022-07-23	2022-07-25	2022-07-26	2022-07-27	2022-07-28	2022-07-29	2022-07-30	2022-07-31	2022-08-01	2022-08-02	2022-08-03	2022-08-04	2022-08-05	2022-08-06	2022-08-07	2022-08-08	2022-08-09	2022-08-10	2022-08-11	2022-08-12	2022-08-13	2022-08-14	2022-08-15	2022-08-16	2022-08-17
https://youtu.be/dqK7AMrLCm0	BEYOOOOONDS 『フレフレ・エブリデイ』	0	536176	536315	553464	571780	577550	582846	587904	593124	597531	601681	605959	609769	614802	618852	622981	626392	629646	632772	635757	638870	641929	645050	648038	650962	653837	656412	658740	661088	663427	665647	668383	670554	672754	674901	676826	0	0	0	0	688325	690393	0	694135	696112	697950	699876	701768	703566	705387	707095	708853	710794	712657	0	716523	717815	719630	721297	723123	724826	726466	728008	729503	730858	732169	733698	735621	737762	739993	741931	744341	746552	748912	751231	753668	0	0	0	0	0	0	0	0	0	0	0	0	0	0	0	0	0	0	0	0	0	0	0	0	0	0	0	0	0	0	0	0	0	0	0	0	0	0	0	0	0	0	0	0	0	0	0	0	0	0	0	0	0	0	0	0	0	0	0	0	0	0	0	0	0	0	825929	826805	827581	828344	829147	829874	830681	831563	832419	833341	834020	834887	835751	836574	0	838133	839005	839985	841253	842220	843224	844063	844950	845785	846599	847446	848251	849000	849701	850528	851235	852002	852747	853561	854416	855229	856001	856720	857552	858305	859092	859794	860480	861188	861982	862820	863549	864291	865155	866059	866910	867711	868516	869365	870282	871122	873699	876091	877989	880492	882911	885605	888283	890934	893542	895892	897957	900125	902317	904570	906769	909080	911565	915949	919509	922856	925803	928691	931480	934067	936358	0	941007	943325	0	947395	949517	951627	953227	955214	957255	958960	0	962435	964178	0	967792	969848	972031	975084	976179	977536	981198	982840	984687	986554	988289	990169	992458	994477	996553	998508	1001157	1002874	1004468	1005986	1007508	1009053	1010552	1012144	1013593	1015008	1016420	1019147	1020573	1021972	1023433	1024977	1026395	1027821	1029222	1030499	1031847	1033078	1034377	1035643	1036943	1038239	1039522	1040898	1042157	1043422	1044725	1045939	1047192	1048442	1049716	1051024	1053034	1054981	1056758	1058320	1059925	1061676	1063089	1064571	1066136	1067519	1068954	1070254	1071658	1072912	1074353	1075774	1077038	1078279	1079569	1080814	1082059	1083220	1084376	1085586	1086818	1088134	1089424	1090562	1091774	1092943	1094132	1095265	1096460	1097611	1098694	1099773	1100900	1101991	1103094	1104258	1105515	1106524	1107482	1108462	1109436	1110473	1111509	1112532	1113483	1114477	1115533	1116559	1117617	1118623	1119695	1120584	1121493	1122347	1123297	1124303	1125440	1126461	1127422	1128326	1129302	1130301	1131225	1132128	1133075	1133845	1134651	1135472	1136309	1137166	1137931	1138797	1139613	1140467	1141258	1142090	1142897	1143719	1144593	1145412	1146250	1147038	1147867	1148633	1149400	1150976	1151827	1152712	1153618	1154478	1155313	1156123	1156897	1157711	1158538	1159445	1160290	1161100	1161876	1162698	1163553	1164407	1165258	1166007	1166735	1167497	1168200	1168939	1169602
https://youtu.be/r2-Fv3iXX6w	BEYOOOOONDS『こんなハズジャナカッター!』	0	1322839	1322863	1325557	1328768	1332832	1336304	1339602	1343105	1346203	1349477	1352933	1355987	1359012	1361921	1364996	1367455	1370017	1372513	1374914	1377636	1380347	1383291	1386365	1389424	1392093	1394771	1397460	1399940	1402484	1404995	1407579	1409890	1412263	1414797	1417142	0	0	0	0	1428147	1430252	0	1434288	1436458	1438585	1440580	1442610	1444535	1446687	1448836	1450737	1452833	1454924	0	1459138	1460776	1462722	1464715	1466816	1468844	1470932	1472854	1474952	1476699	1478709	1480798	1482861	1484841	1487072	1489158	1491136	1493176	1495254	1497176	1499200	0	0	0	0	0	0	0	0	0	0	0	0	0	0	0	0	0	0	0	0	0	0	0	0	0	0	0	0	0	0	0	0	0	0	0	0	0	0	0	0	0	0	0	0	0	0	0	0	0	0	0	0	0	0	0	0	0	0	0	0	0	0	0	0	0	0	1610586	1612030	1613347	1614734	1616137	1617420	1618767	1620134	1621515	1623025	1624201	1625719	1627137	1628503	0	1631299	1632755	1634181	1635751	1637190	1638638	1639961	1641262	1642550	1643897	1645192	1646530	1647803	1648989	1650136	1651345	1652645	1654012	1655386	1656887	1658121	1659101	1660241	1661427	1662666	1663846	1665001	1666189	1667407	1668572	1669773	1670995	1672239	1673511	1674819	1676079	1677364	1678500	1679876	1681205	1682575	1685439	1689402	1692532	1695728	1698544	1701509	1704184	1706929	1709791	1712167	1714200	1716235	1718353	1721191	1724684	1727894	1730727	1735090	1738655	1742239	1745399	1748451	1751414	1754185	1756561	0	1761352	1763886	0	1768579	1770644	1772902	1774732	1776973	1779261	1781257	0	1785283	1787264	0	1791527	1793743	1796102	1799343	1800583	1802205	1806556	1808522	1810671	1812736	1814811	1816750	1818848	1820849	1822924	1825011	1827224	1829216	1831136	1832942	1834732	1836430	1838204	1840139	1841876	1843581	1845284	1848645	1850351	1852229	1854055	1855859	1857716	1859522	1861213	1862935	1864731	1866299	1867766	1869398	1871104	1872769	1874238	1875931	1877446	1879008	1880496	1881960	1883510	1885035	1886631	1888179	1890458	1892487	1894536	1896493	1898606	1900516	1902229	1903932	1905696	1907334	1908944	1910442	1912109	1913721	1915184	1916711	1918085	1919540	1921195	1922989	1924705	1926221	1927879	1929540	1931184	1932845	1934541	1936182	1937822	1939369	1940828	1942345	1943757	1945238	1946621	1947885	1949157	1950401	1951599	1952865	1954221	1955476	1956680	1957890	1959160	1960471	1961691	1962950	1964075	1965166	1966237	1967510	1968670	1969868	1971082	1972183	1973224	1974260	1975211	1976334	1977516	1978725	1979883	1980978	1981976	1983043	1984177	1985369	1986727	1987780	1988974	1990004	1991092	1992076	1993056	1994121	1995251	1996344	1997572	1998696	1999819	2001038	2002187	2003322	2004494	2005639	2006756	2007951	2009093	2011347	2012488	2013601	2014679	2015783	2016833	2017952	2018953	2019978	2021058	2022159	2023323	2024562	2025832	2026923	2028072	2029249	2030536	2031750	2032954	2034186	2035480	2036704	2037883
https://youtu.be/QrkqQYH1elA	BEYOOOOONDS『激辛LOVE』	0	1261304	1261343	1263394	1265995	1268980	1271559	1274212	1277012	1279570	1282279	1284918	1287370	1289838	1292283	1294674	1296625	1298652	1300682	1302865	1304926	1307007	1309219	1311617	1313881	1315953	1317910	1319928	1321906	1324101	1326107	1328112	1329840	1331601	1333475	1335405	0	0	0	0	1345056	1346935	0	1350154	1351692	1353459	1355059	1356543	1358206	1359834	1361455	1363104	1364809	1366390	0	1369737	1371028	1372488	1373997	1375557	1377195	1378606	1380024	1381667	1383179	1384740	1386374	1388010	1389692	1391447	1393115	1394770	1396421	1398152	1399787	1401365	0	0	0	0	0	0	0	0	0	0	0	0	0	0	0	0	0	0	0	0	0	0	0	0	0	0	0	0	0	0	0	0	0	0	0	0	0	0	0	0	0	0	0	0	0	0	0	0	0	0	0	0	0	0	0	0	0	0	0	0	0	0	0	0	0	0	1482650	1483837	1485031	1486256	1487512	1488580	1489730	1490977	1492212	1493406	1494531	1495828	1497157	1498286	0	1500632	1501888	1503174	1504521	1505841	1507131	1508266	1509345	1510255	1511173	1512108	1513041	1513984	1514939	1515889	1516852	1517826	1518864	1519855	1520944	1521865	1522649	1523507	1524485	1525506	1526556	1527593	1528566	1529696	1530884	1532047	1533086	1534139	1535214	1536347	1537493	1538560	1539591	1540626	1541778	1542823	1545175	1547921	1550466	1552829	1555063	1557313	1559265	1561192	1563261	1565094	1566621	1568135	1569641	1571266	1572909	1574719	1576595	1579720	1582248	1584808	1587301	1589741	1592092	1594227	1596021	0	1599761	1601594	0	1605395	1607252	1608999	1610448	1612251	1613902	1615371	0	1618345	1619860	0	1623200	1624861	1626633	1628913	1629780	1630942	1634128	1635487	1637075	1638839	1640429	1642024	1643587	1645221	1646855	1648552	1650450	1652098	1653703	1655119	1656559	1658002	1659495	1660980	1662388	1663792	1665194	1667875	1669319	1670719	1672261	1673626	1675044	1676404	1677751	1679053	1680490	1681818	1683004	1684211	1685450	1686706	1687938	1689459	1690754	1692022	1693281	1694567	1695947	1697265	1698551	1699921	1702012	1703804	1705421	1706862	1708538	1710093	1711462	1712754	1714120	1715466	1716635	1717786	1718966	1720057	1721175	1722402	1723456	1724530	1725729	1727037	1728223	1729303	1730452	1731511	1732515	1733549	1734603	1735754	1736781	1737859	1738932	1740062	1741223	1742356	1743539	1744607	1745623	1746602	1747551	1748618	1749800	1750786	1751675	1752616	1753505	1754429	1755545	1756974	1758135	1759137	1760084	1761058	1762037	1762989	1763952	1764817	1765631	1766507	1767404	1768327	1769289	1770290	1771224	1772184	1773137	1774043	1774915	1775751	1776636	1777390	1778144	1778965	1779729	1780384	1781111	1781893	1782603	1783282	1784069	1784767	1785554	1786342	1787100	1787889	1788727	1789445	1790225	1790949	1791737	1793247	1794058	1794762	1795501	1796272	1796988	1797784	1798475	1799199	1799933	1800634	1801376	1802128	1802819	1803515	1804214	1804917	1805607	1806249	1806997	1807739	1808428	1809155	1809878
https://youtu.be/QZ-CHNF7CLw	BEYOOOOONDS『Now Now Ningen』	0	576972	576986	577667	578486	579423	580344	581205	582001	582787	583520	584320	584964	585591	586240	586937	587533	588294	589010	589609	590195	590932	591633	592332	593092	593915	594620	595238	595849	596482	597084	597868	598716	599568	600447	601287	0	0	0	0	605252	606019	0	607448	608166	608875	609550	610161	610696	611329	611980	612539	613137	613750	0	615006	615480	616064	616666	617282	617901	618456	619039	619657	620269	620859	621368	621891	622322	622848	623329	623804	624262	624739	625224	625924	0	0	0	0	0	0	0	0	0	0	0	0	0	0	0	0	0	0	0	0	0	0	0	0	0	0	0	0	0	0	0	0	0	0	0	0	0	0	0	0	0	0	0	0	0	0	0	0	0	0	0	0	0	0	0	0	0	0	0	0	0	0	0	0	0	0	657988	658385	658759	659076	659447	659758	660053	660356	660697	661063	661355	661713	662057	662358	0	662970	663304	663628	664026	664344	664684	664989	665344	665728	666113	666555	667005	667489	667958	668381	668851	669336	669821	670352	670893	671330	671673	672039	672478	672896	673345	673837	674290	674785	675301	675809	676290	676805	677350	677985	678562	679107	679627	680230	680805	681429	682744	684360	685787	686811	687797	688886	689882	690973	692066	693049	693867	694671	695470	696328	697228	698205	699199	701079	702636	703900	705012	706017	706991	707833	708598	0	710024	710725	0	712173	712833	713495	714041	714692	715327	715870	0	716998	717447	0	718546	719180	719858	720726	721078	721525	722753	723370	724015	724774	725444	726147	726849	727500	728139	728793	729490	730082	730665	731192	731694	732221	732771	733373	733861	734353	734861	735829	736296	736766	737257	737749	738311	738872	739415	739907	740480	740933	741413	741887	742394	742848	743294	743826	744279	744803	745278	745709	746180	746596	747051	747658	748640	749415	750112	750693	751343	751914	752446	752930	753412	753914	754454	754914	755331	755787	756208	756683	757116	757556	758055	758555	758973	759329	759714	760125	760501	760902	761284	761656	762012	762413	762811	763229	763700	764129	764543	764905	765268	765621	765937	766312	766700	767061	767318	767663	767997	768330	768657	768974	769269	769599	769941	770260	770580	770882	771211	771475	771725	771955	772222	772529	772836	773134	773418	773747	774062	774387	774700	774988	775309	775595	775865	776169	776488	776756	777033	777308	777576	777900	778126	778395	778688	778966	779231	779492	779821	780090	780413	780708	781002	781596	781888	782200	782485	782750	782999	783278	783573	783839	784150	784436	784699	784946	785210	785513	785801	786054	786350	786646	786924	787202	787466	787734	788006
https://youtu.be/YhJHUxQtnkM	BEYOOOOONDS『ビタミンME』	0	2910229	2910249	2912259	2914755	2917856	2920641	2923204	2925835	2928241	2930735	2933175	2935332	2937658	2939804	2942147	2944097	2945967	2947840	2949626	2951583	2953549	2955693	2957783	2959831	2961794	2963755	2965645	2967519	2969410	2971142	2973084	2974861	2976745	2978601	2980266	0	0	0	0	2988845	2990617	0	2993869	2995383	2997009	2998569	3000194	3001734	3003214	3004798	3006122	3007725	3009418	0	3012808	3014186	3015733	3017379	3019033	3020673	3022246	3023939	3025599	3027222	3028684	3030444	3032036	3033770	3035591	3037251	3038886	3040581	3042271	3043933	3045626	0	0	0	0	0	0	0	0	0	0	0	0	0	0	0	0	0	0	0	0	0	0	0	0	0	0	0	0	0	0	0	0	0	0	0	0	0	0	0	0	0	0	0	0	0	0	0	0	0	0	0	0	0	0	0	0	0	0	0	0	0	0	0	0	0	0	3133293	3134483	3135652	3137003	3138249	3139448	3140598	3141784	3142977	3144315	3145534	3146731	3147965	3149129	0	3151430	3152712	3153988	3155502	3156801	3158199	3159443	3160843	3162060	3163205	3164351	3165396	3166458	3167472	3168446	3169487	3170538	3171609	3172736	3173887	3174847	3175700	3176604	3177614	3178637	3179718	3180759	3181794	3182844	3183918	3184948	3186039	3187030	3188119	3189239	3190432	3191675	3192858	3194203	3195616	3196896	3199227	3202397	3205260	3208136	3210811	3213538	3216022	3218482	3221094	3223311	3225298	3227327	3229397	3231463	3233589	3235922	3238125	3241354	3244156	3246667	3249224	3251677	3254026	3256242	3258130	0	3262306	3264500	0	3268730	3270705	3272715	3274327	3276226	3278131	3279740	0	3283105	3284860	0	3288355	3290346	3292481	3295550	3296656	3298120	3302118	3303895	3306002	3308041	3310078	3311987	3313903	3315773	3317752	3319711	3321843	3323818	3325710	3327385	3329148	3330812	3332655	3334449	3336277	3338012	3339716	3342928	3344533	3346483	3348226	3350176	3352118	3354167	3356129	3358066	3360090	3362002	3363760	3365583	3367374	3369203	3371047	3373074	3375137	3377162	3379165	3380946	3382943	3384745	3386698	3388614	3391212	3393738	3396204	3398308	3400592	3402696	3404584	3406429	3408378	3410072	3411802	3413466	3415277	3416862	3418515	3420253	3421837	3423572	3425389	3427159	3428781	3430400	3432027	3433778	3435531	3437263	3438989	3440630	3442262	3443904	3445425	3447104	3448743	3450329	3451956	3453395	3454874	3456300	3457734	3459318	3460976	3462370	3463652	3464963	3466278	3467605	3468948	3470355	3471664	3472954	3474228	3475525	3476743	3477939	3479214	3480392	3481541	3482662	3483830	3485059	3486323	3487577	3488806	3490118	3491359	3492592	3493846	3495037	3496294	3497434	3498624	3499736	3500916	3501944	3502991	3504191	3505367	3506555	3507785	3508968	3510198	3511400	3512651	3513861	3515213	3516514	3517900	3519120	3520422	3523172	3524536	3525808	3526994	3528206	3529318	3530589	3531763	3532918	3534155	3535276	3536431	3537586	3538647	3539708	3540866	3542061	3543265	3544480	3545700	3546956	3548114	3549235	3550375
https://youtu.be/4it1XdFZ6jM	BEYOOOOONDS『眼鏡の男の子』	0	342542	342545	342683	342885	343104	343299	343515	343717	343923	344141	344335	344504	344764	344964	345196	345376	345576	345765	345956	346159	346384	346580	346782	346945	347186	347381	347548	347752	347934	348151	348387	348581	348774	348957	349127	0	0	0	0	349979	350170	0	350501	350681	350842	351023	351226	351416	351602	351773	351924	352093	352252	0	352550	352666	352817	352945	353087	353232	353365	353557	353729	353883	354037	354205	354344	354498	354684	354839	354970	355133	355291	355475	355646	0	0	0	0	0	0	0	0	0	0	0	0	0	0	0	0	0	0	0	0	0	0	0	0	0	0	0	0	0	0	0	0	0	0	0	0	0	0	0	0	0	0	0	0	0	0	0	0	0	0	0	0	0	0	0	0	0	0	0	0	0	0	0	0	0	0	363908	364002	364086	364190	364272	364362	364471	364587	364732	364844	364951	365055	365141	365258	0	365431	365553	365669	365803	365932	366055	366158	366292	366441	366566	366711	366848	366999	367137	367261	367389	367530	367686	367860	367993	368087	368235	368414	368589	368739	368888	369040	369090	369205	369345	369454	369563	369662	369771	369879	370000	370150	370264	370407	370543	370661	370954	371304	371627	371883	372145	372394	372656	372882	373153	373355	373529	373725	373955	374213	374498	374791	375095	375571	375973	376333	376703	377036	377399	377760	378094	0	378733	379049	0	379677	379925	380193	380422	380643	380894	381126	0	381514	381695	0	382100	382310	382590	382941	383110	383298	383756	383996	384254	384502	384764	384988	385237	385458	385699	385922	386140	386345	386603	386761	386926	387122	387349	387596	387813	388061	388280	388746	388969	389188	389416	389632	389900	390175	390445	390723	390977	391231	391475	391727	392020	392273	392531	392820	393151	393449	393721	394045	394316	394599	394838	395191	395642	396048	396399	396730	397069	397333	397618	397839	398105	398303	398514	398780	399098	399277	399475	399657	399751	399937	400172	400477	400689	400856	401037	401188	401375	401557	401792	401996	402217	402388	402512	402704	402877	403059	403331	403532	403638	403778	403849	403993	404188	404384	404518	404632	404751	404909	405061	405215	405363	405507	405645	405808	405977	406152	406355	406536	406709	406878	407040	407226	407391	407564	407749	407943	408138	408324	408467	408615	408770	408915	409058	409194	409334	409487	409630	409762	409923	410099	410251	410404	410570	410754	410920	411067	411271	411441	411630	411801	411978	412326	412513	412714	412927	413113	413306	413497	413686	413852	414010	414208	414398	414559	414758	414935	415085	415258	415441	415608	415740	415933	416093	416251	416411
https://youtu.be/Pr5Kq51zO-8	BEYOOOOONDS『アツイ!』	0	637039	637043	637475	637999	638579	639083	639618	640162	640706	641254	641856	642377	642895	643423	644011	644499	645009	645446	645879	646335	646783	647298	647782	648292	648757	649223	649649	650082	650559	651033	651565	652036	652466	652924	653341	0	0	0	0	655344	655768	0	656616	657027	657426	657819	658206	658563	658921	659313	659635	660001	660400	0	661080	661362	661683	662002	662357	662695	662998	663312	663587	663894	664208	664575	664898	665224	665619	665979	666335	666622	666932	667279	667639	0	0	0	0	0	0	0	0	0	0	0	0	0	0	0	0	0	0	0	0	0	0	0	0	0	0	0	0	0	0	0	0	0	0	0	0	0	0	0	0	0	0	0	0	0	0	0	0	0	0	0	0	0	0	0	0	0	0	0	0	0	0	0	0	0	0	685320	685557	685792	686017	686230	686469	686671	686889	687109	687287	687479	687681	687894	688106	0	688552	688768	688980	689353	689614	689849	690076	690314	690562	690741	690906	691128	691395	691631	691849	692071	692311	692581	692828	693024	693205	693386	693539	693756	693991	694207	694451	694701	694923	695208	695422	695665	695905	696131	696382	696636	696867	697097	697340	697623	697861	698434	699230	699932	700507	701127	701690	702272	702832	703472	704047	704502	704968	705379	705835	706305	706797	707285	708224	709037	709718	710343	710977	711551	712145	712642	0	713560	713994	0	714923	715318	715740	716083	716445	716783	717122	0	717876	718188	0	718872	719284	719728	720356	720608	720899	721617	721985	722356	722716	723042	723385	723789	724114	724447	724788	725180	725576	725909	726200	726521	726842	727168	727582	727912	728244	728558	729180	729503	729840	730329	730736	731132	731522	731907	732283	732683	733038	733346	733695	734080	734440	734780	735150	735507	735843	736214	736581	736943	737324	737702	738137	738902	739495	739996	740414	740889	741333	741714	742087	742455	742871	743248	743619	744012	744368	744699	745067	745399	745714	746073	746392	746772	747086	747397	747742	748084	748428	748766	749087	749372	749654	749941	750247	750545	750839	751159	751432	751697	751915	752142	752413	752683	752926	753150	753392	753644	753884	754116	754368	754584	754807	755016	755235	755425	755621	755868	756095	756308	756490	756692	756902	757164	757432	757656	757908	758163	758407	758654	758916	759163	759380	759576	759792	760000	760202	760380	760584	760807	761013	761225	761434	761641	761861	762085	762313	762557	762761	762965	763184	763419	763885	764101	764299	764517	764729	764935	765157	765374	765582	765778	765988	766190	766381	766572	766810	767010	767210	767427	767661	767884	768138	768366	768610	768806
https://youtu.be/8D_H51VvINs	BEYOOOOONDS『眼鏡の男の子』	0	3345835	3345849	3347529	3349718	3351971	3354164	3356311	3358422	3360665	3363080	3365451	3367682	3370122	3372609	3375337	3377843	3380207	3382363	3384458	3386674	3389066	3391363	3393599	3395858	3397987	3400210	3402153	3404135	3406404	3408641	3410911	3412964	3414977	3417036	3418848	0	0	0	0	3429410	3431805	0	3436350	3438285	3440381	3442350	3444203	3445973	3447823	3449656	3451435	3453457	3455482	0	3459124	3460682	3462335	3463969	3465932	3467865	3469771	3471621	3473588	3475612	3477496	3479814	3482046	3484015	3486445	3488610	3490772	3492735	3495156	3497223	3499462	0	0	0	0	0	0	0	0	0	0	0	0	0	0	0	0	0	0	0	0	0	0	0	0	0	0	0	0	0	0	0	0	0	0	0	0	0	0	0	0	0	0	0	0	0	0	0	0	0	0	0	0	0	0	0	0	0	0	0	0	0	0	0	0	0	0	3600066	3601535	3602953	3604230	3605604	3606763	3608336	3609797	3611251	3612757	3614086	3615527	3616996	3618385	0	3621459	3623019	3624508	3626266	3627812	3629539	3631053	3632724	3634492	3635988	3637600	3639100	3640646	3642169	3643683	3645358	3646945	3648710	3650307	3652001	3653559	3655016	3656501	3658084	3659746	3661466	3663091	3664606	3666146	3667578	3669123	3670596	3672060	3673550	3675151	3676832	3678467	3679827	3681285	3682793	3684456	3686822	3689726	3692184	3694327	3696435	3698621	3700523	3702343	3704371	3706233	3707768	3709380	3710966	3712764	3714647	3716600	3718600	3721171	3723374	3725362	3727155	3729136	3731031	3732797	3734297	0	3737602	3739301	0	3742745	3744393	3745996	3747371	3748928	3750445	3751898	0	3754973	3756540	0	3759684	3761510	3763486	3766193	3767095	3768326	3771598	3773133	3774949	3776761	3778613	3780233	3782037	3783639	3785449	3787151	3789119	3790917	3792553	3793980	3795533	3796982	3798546	3800237	3801836	3803334	3804754	3807936	3809456	3811307	3813017	3814798	3816652	3818356	3819994	3821566	3823204	3824861	3826344	3827953	3829533	3831008	3832743	3834590	3836388	3837977	3839787	3841428	3843304	3845047	3846898	3848790	3851001	3852984	3854824	3856523	3858434	3860185	3861826	3863445	3865055	3866678	3868505	3869953	3871539	3873059	3874449	3875974	3877447	3878934	3880484	3882244	3883834	3885401	3887010	3888594	3890041	3891443	3892929	3894294	3895524	3896714	3897899	3899245	3900567	3901954	3903314	3904538	3905821	3907202	3908462	3909958	3911781	3913282	3914617	3915948	3917419	3918920	3920370	3921796	3923223	3924605	3926038	3927585	3929018	3930583	3932469	3934165	3935582	3936997	3938445	3939917	3941613	3943730	3945541	3947536	3949095	3950605	3952380	3953821	3955781	3957448	3958909	3960399	3961766	3963016	3964121	3965315	3966693	3967851	3969302	3970605	3972003	3973704	3975293	3977013	3978632	3980013	3981366	3982847	3984401	3987273	3988826	3990269	3991796	3993393	3995012	3996390	3997783	3999068	4000307	4001799	4003129	4004433	4005683	4007167	4008478	4009860	4011264	4012571	4013747	4014892	4016177	4017389	4018780
https://youtu.be/KYVMtijS74U	BEYOOOOONDS『ニッポンノD・N・A!』	0	2920383	2920389	2921406	2922632	2924008	2925311	2926703	2928070	2929295	2930782	2932336	2933805	2935221	2936658	2938353	2939637	2941076	2942289	2943459	2944688	2945954	2947259	2948658	2949892	2951244	2952557	2953807	2955027	2956246	2957453	2958742	2959953	2961164	2962447	2963602	0	0	0	0	2968967	2970070	0	2972258	2973374	2974503	2975453	2976588	2977685	2978740	2979733	2980799	2981987	2983109	0	2985532	2986483	2987708	2988826	2990068	2991178	2992251	2993250	2994196	2995229	2996309	2997549	2998682	2999955	3001179	3002379	3003572	3004684	3005946	3007109	3008301	0	0	0	0	0	0	0	0	0	0	0	0	0	0	0	0	0	0	0	0	0	0	0	0	0	0	0	0	0	0	0	0	0	0	0	0	0	0	0	0	0	0	0	0	0	0	0	0	0	0	0	0	0	0	0	0	0	0	0	0	0	0	0	0	0	0	3069145	3069940	3070799	3071498	3072199	3072927	3073589	3074301	3075037	3075738	3076374	3077050	3077763	3078424	0	3079969	3080813	3081623	3082764	3083556	3084351	3085009	3085807	3086512	3087218	3087885	3088577	3089247	3089931	3090605	3091365	3092045	3092849	3093558	3094256	3094894	3095456	3096079	3096787	3097524	3098293	3099075	3099731	3100460	3101265	3102040	3102765	3103521	3104321	3105270	3106141	3106939	3107699	3108475	3109342	3110176	3111598	3113507	3115216	3116610	3118019	3119485	3120743	3122002	3123358	3124580	3125629	3126713	3127937	3129189	3130493	3131848	3133304	3135382	3137072	3138633	3140152	3141561	3142899	3144263	3145361	0	3147761	3149005	0	3151536	3152676	3153862	3154732	3155804	3156928	3157892	0	3159983	3161040	0	3163357	3164607	3165936	3167766	3168414	3169312	3171559	3172665	3173843	3175023	3176116	3177212	3178315	3179344	3180472	3181579	3182700	3183806	3184836	3185799	3186810	3187771	3188809	3189902	3190949	3191972	3192952	3194917	3195907	3196928	3197986	3199074	3200183	3201181	3202245	3203323	3204414	3205496	3206604	3207644	3208709	3209689	3210667	3211742	3212713	3213686	3214690	3215672	3216581	3217600	3218637	3219749	3221253	3222767	3224178	3225359	3226708	3227865	3228915	3229980	3231016	3231988	3232969	3233965	3235048	3235994	3236946	3238030	3238954	3239919	3240986	3242091	3243127	3244112	3245156	3246301	3247378	3248456	3249572	3250625	3251589	3252545	3253602	3254568	3255498	3256551	3257533	3258488	3259355	3260277	3261172	3262221	3263395	3264287	3265120	3266147	3267277	3268173	3269049	3270025	3271029	3272085	3273195	3274273	3275228	3276091	3277038	3277962	3278854	3279775	3280696	3281531	3282374	3283212	3284094	3284934	3285841	3286684	3287567	3288360	3289275	3290098	3290891	3291769	3292544	3293213	3293924	3294783	3295626	3296438	3297249	3298065	3298935	3299758	3300627	3301522	3302438	3303401	3304332	3305252	3306178	3308096	3309068	3310002	3310872	3311809	3312675	3313551	3314353	3315243	3316067	3316974	3317839	3318735	3319586	3320455	3321316	3322222	3323164	3324021	3324859	3325603	3326395	3327193	3327971
https://youtu.be/dM_o4LBA0gw	BEYOOOOONDS『Go Waist』	0	1115325	1115332	1115671	1116115	1116589	1117017	1117430	1117828	1118216	1118653	1119168	1119540	1119919	1120321	1120741	1121080	1121477	1121811	1122120	1122474	1122816	1123190	1123533	1123914	1124309	1124663	1124944	1125263	1125603	1125972	1126436	1126987	1127457	1127934	1128391	0	0	0	0	1130303	1130646	0	1131247	1131554	1131851	1132162	1132556	1132923	1133266	1133645	1134013	1134328	1134657	0	1135259	1135500	1135816	1136153	1136489	1136880	1137235	1137581	1137915	1138292	1138596	1138938	1139233	1139513	1139834	1140128	1140396	1140663	1140977	1141318	1141723	0	0	0	0	0	0	0	0	0	0	0	0	0	0	0	0	0	0	0	0	0	0	0	0	0	0	0	0	0	0	0	0	0	0	0	0	0	0	0	0	0	0	0	0	0	0	0	0	0	0	0	0	0	0	0	0	0	0	0	0	0	0	0	0	0	0	1157476	1157662	1157843	1158005	1158164	1158371	1158537	1158712	1158921	1159155	1159320	1159483	1159673	1159847	0	1160246	1160422	1160607	1160840	1161021	1161222	1161379	1161604	1161822	1161975	1162190	1162382	1162592	1162777	1162981	1163176	1163436	1163664	1163902	1164098	1164277	1164467	1164664	1164883	1165120	1165336	1165574	1165787	1166041	1166326	1166589	1166826	1167059	1167258	1167529	1167797	1168036	1168265	1168499	1168741	1168952	1169476	1170180	1170764	1171295	1171811	1172315	1172777	1173257	1173789	1174268	1174627	1174987	1175351	1175729	1176144	1176642	1177106	1177944	1178596	1179256	1179811	1180401	1180943	1181487	1181939	0	1182852	1183315	0	1184295	1184701	1185117	1185502	1185936	1186367	1186751	0	1187738	1188182	0	1189171	1189771	1190442	1191192	1191456	1191818	1192672	1193082	1193481	1193871	1194244	1194655	1195066	1195439	1195851	1196263	1196736	1197140	1197552	1197902	1198284	1198585	1198948	1199390	1199794	1200173	1200533	1201219	1201574	1201954	1202316	1202675	1203115	1203625	1204066	1204492	1204926	1205344	1205729	1206063	1206442	1206799	1207160	1207556	1207960	1208365	1208761	1209166	1209574	1209922	1210313	1210790	1211553	1212195	1212734	1213171	1213693	1214184	1214638	1215137	1215574	1216011	1216342	1216701	1217105	1217501	1217910	1218293	1218688	1219066	1219438	1219830	1220199	1220524	1220795	1221136	1221595	1222077	1222596	1223131	1223587	1224113	1224477	1224915	1225335	1225818	1226323	1226710	1227139	1227510	1227851	1228237	1228631	1229009	1229291	1229573	1229868	1230198	1230463	1230746	1230981	1231285	1231586	1231880	1232185	1232437	1232725	1232966	1233202	1233426	1233631	1233853	1234082	1234312	1234563	1234824	1235066	1235336	1235560	1235786	1236101	1236357	1236607	1236867	1237138	1237365	1237622	1237916	1238248	1238518	1238773	1239078	1239346	1239607	1239916	1240279	1240662	1241005	1241329	1241644	1241903	1242443	1242710	1242982	1243221	1243445	1243657	1243936	1244172	1244423	1244642	1244874	1245142	1245382	1245622	1245901	1246143	1246381	1246682	1246941	1247200	1247453	1247687	1247940	1248163
https://youtu.be/FY6BeQWx_v8	BEYOOOOONDS『英雄~笑って!ショパン先輩~』 	0	0	0	0	0	0	0	0	0	0	0	0	0	0	0	0	0	0	0	0	0	0	0	0	0	0	0	0	0	0	0	0	0	0	0	0	0	0	0	0	0	0	0	0	0	0	0	0	0	0	0	0	0	0	0	0	0	0	0	0	0	0	0	0	0	0	0	0	0	0	0	0	0	0	0	0	0	0	0	0	0	0	0	0	0	0	0	0	0	0	0	0	0	0	0	0	0	0	0	0	0	0	0	0	0	0	0	0	0	0	0	0	0	0	0	0	0	0	0	0	0	0	0	0	0	0	0	0	0	0	0	0	0	0	0	0	0	0	0	0	0	0	0	0	0	0	0	0	0	0	0	0	0	0	0	0	0	0	0	0	0	0	0	0	0	0	0	0	0	0	0	0	0	0	0	0	0	0	0	0	0	0	0	0	0	0	0	0	0	0	0	0	0	0	0	0	0	0	85034	170950	223329	270969	311291	345682	376183	403035	428072	449182	466527	483105	499338	515979	531638	550190	567009	594600	616488	635537	651891	667746	681716	694895	706622	0	729810	741114	0	761072	770146	779838	787269	796329	805922	813998	0	831504	840344	0	861859	873910	886531	902336	908712	917414	939407	949388	960540	972030	982686	993031	1005465	1015939	1026331	1036585	1046961	1056068	1064503	1072383	1079873	1088022	1095758	1104350	1112489	1120177	1127938	1142652	1149996	1157934	1165859	1173447	1180757	1187809	1194635	1201487	1208640	1214790	1220645	1226460	1232256	1237982	1243866	1250163	1255926	1261391	1266696	1272044	1277314	1282715	1288352	1293805	1300590	1307161	1313019	1318681	1324791	1330742	1335933	1341215	1346047	1350580	1355274	1360067	1365034	1369275	1373565	1377991	1381980	1385999	1390287	1394561	1398694	1402601	1406613	1410682	1414789	1418951	1423577	1427647	1431574	1435383	1439165	1442937	1446311	1449484	1452414	1455167	1457832	1460401	1462942	1465656	1468552	1471109	1473629	1476325	1478974	1481248	1483488	1485746	1487855	1489935	1492045	1494307	1496351	1498483	1500505	1502389	1504189	1506034	1507863	1510202	1512475	1514897	1517191	1519493	1521803	1524145	1526367	1528726	1531272	1533696	1536041	1538490	1540916	1543042	1544929	1546956	1549048	1551141	1553360	1555425	1557610	1559810	1561977	1564231	1566455	1568432	1570377	1572285	1574261	1578138	1580125	1581912	1583449	1585216	1587183	1589051	1590468	1592474	1594205	1596133	1597884	1599680	1601391	1603251	1605054	1606929	1608844	1610653	1612374	1614300	1616094	1617833	1619517
https://youtu.be/s5sNf8_KKZM	BEYOOOOONDS『ハムカツ黙示録』 	0	0	0	0	0	0	0	0	0	0	0	0	0	0	0	0	0	0	0	0	0	0	0	0	0	0	0	0	0	0	0	0	0	0	0	0	0	0	0	0	0	0	0	0	0	0	0	0	0	0	0	0	0	0	0	0	0	0	0	0	0	0	0	0	0	0	0	0	0	0	0	0	0	0	0	0	0	0	0	0	0	0	0	0	0	0	0	0	0	0	0	0	0	0	0	0	0	0	0	0	0	0	0	0	0	0	0	0	0	0	0	0	0	0	0	0	0	0	0	0	0	0	0	0	0	0	0	0	0	0	0	0	0	0	0	0	0	0	0	0	0	0	0	0	0	0	0	0	0	0	0	0	0	0	0	0	0	0	0	0	0	0	0	0	0	0	0	0	0	0	0	0	0	0	0	0	0	0	0	0	0	0	0	0	0	0	0	0	0	0	0	0	0	0	0	0	0	0	0	0	0	0	0	0	0	0	0	0	0	0	0	0	0	0	0	137195	194283	233995	262660	288509	309263	327763	342857	0	371913	386174	0	410873	421694	432669	441195	451292	461314	470105	0	488085	495986	0	514449	525278	536146	549186	554053	560316	634517	662783	696700	734722	770115	776355	783244	790561	798279	805977	828239	849130	870542	891301	901813	908312	914262	922357	931528	941195	982999	992480	998126	1004302	1009542	1014983	1020584	1026042	1031226	1036452	1041745	1046437	1051115	1055541	1060035	1064586	1069126	1073942	1078279	1082532	1086778	1091007	1095142	1099429	1103750	1107885	1113148	1118255	1123054	1127380	1132052	1136779	1141060	1145275	1149443	1153257	1157086	1161058	1165125	1168788	1172307	1175914	1179177	1182656	1186309	1189845	1193163	1196420	1199770	1203267	1206942	1210508	1214336	1217961	1221381	1224690	1227794	1231151	1233833	1236227	1238510	1240715	1242818	1244830	1246807	1248985	1251371	1253557	1255456	1257382	1259251	1261124	1262857	1264762	1266482	1268075	1270139	1272325	1274478	1276294	1278061	1279752	1281189	1282605	1284156	1285756	1287930	1290209	1292368	1294389	1296486	1298590	1300687	1302760	1305095	1307327	1309367	1311381	1313358	1315331	1317239	1319224	1321368	1323428	1325648	1327781	1330058	1332331	1334736	1336927	1339365	1341706	1343986	1346169	1348437	1352952	1355368	1357665	1359805	1362007	1364164	1366365	1368340	1370339	1372310	1374391	1376442	1378541	1380507	1382531	1384527	1386556	1388871	1391072	1393172	1395231	1397190	1399130	1401098
