index	タイトル	2023-08-08	2023-08-09	2023-08-10	2023-08-11	2023-08-12	2023-08-13	2023-08-14	2023-08-15	2023-08-16	2023-08-17	2023-08-18	2023-08-19	2023-08-20	2023-08-21	2023-08-22	2023-08-23	2023-08-24	2023-08-25	2023-08-26	2023-08-27	2023-08-28	2023-08-29	2023-08-30	2023-08-31	2023-09-01	2023-09-02	2023-09-03	2023-09-04	2023-09-05	2023-09-06	2023-09-07	2023-09-08	2023-09-09	2023-09-10	2023-09-11	2023-09-12	2023-09-13	2023-09-14	2023-09-15	2023-09-16	2023-09-17	2023-09-18	2023-09-19	2023-09-20
https://youtu.be/waauSAY4Z68	おどる♡11「幸せきょうりゅう音頭」	3583	6582	8155	9996	11907	13379	14666	15638	16816	17775	18548	19526	20434	21270	22142	22383	22967	23496	23983	24466	24895	25331	25776	26207	26713	27292	27870	28393	28787	29154	29448	29721	29996	30347	30649	30970	31250	31525	31774	32010	32234	32452	32715	32906
https://youtu.be/KHxsVH23qiw	ROMANS「SEXY NIGHT~忘れられない彼~」	5012	8144	9591	10976	12257	13114	13787	14488	15315	16020	16488	17116	17705	18197	18827	18994	19437	19850	20263	20630	20915	21239	21567	21869	22210	22534	22837	23128	23430	23643	23823	24034	24231	24456	24660	24870	25062	25236	25413	25566	25713	25848	25978	26132
https://youtu.be/F1j8dW-rz2A	後浦なつみ「LOVE LIKE CRAZY」	5834	9992	11973	14322	16566	18483	19671	20674	21806	22772	23553	24467	25283	25993	26866	27054	27626	28087	28515	28977	29328	29764	30172	30512	30932	31329	31746	32074	32381	32637	32881	33120	33374	33648	33930	34185	34433	34664	34907	35139	35331	35540	35735	35970
https://youtu.be/Dp0igiFdy34	三人祭「チュッ!夏パ〜ティ」	13353	24799	29857	38241	47699	54531	60815	65860	72439	79736	88295	99686	117243	130304	143254	147703	154861	162447	170445	178564	185241	191381	197350	204268	212779	221407	231365	241196	248162	254380	260409	266521	271597	278267	284210	288921	294114	298325	303044	306938	310746	314190	317495	320962
https://youtu.be/bb0iJMezLj4	モーニング娘。おとめ組「愛の園〜Touch	26650	50591	62877	75338	88440	97146	103868	110707	118565	124914	130447	137535	144719	150783	159680	161731	166474	171055	175468	179869	183734	188313	192636	196376	200687	205609	210355	214649	218847	222639	226477	230351	234248	238079	241628	245180	248696	252035	255338	258702	262065	265190	268226	271037
https://youtu.be/u6IRqmwUu7Y	黄色5「黄色いお空で BOOM BOOM BOOM」	13646	24584	29087	36012	43639	49198	54610	59404	65201	70388	75487	82487	92217	102228	110914	112912	118746	124330	130502	137333	143637	152652	161267	167450	175128	184423	196875	206078	215565	222281	228519	234313	240456	245752	251336	256851	262287	267068	272494	277173	281564	285828	289899	293937
https://youtu.be/n-DxqtI2Z64	おけいさんと安倍なつみモーニング娘。)「母と娘のデュエットソング」	2248	4806	6962	8603	9649	10170	10813	11267	11650	11878	12012	12214	12390	12528	12696	12729	12850	12956	13057	13150	13236	13313	13395	13478	13557	13652	13734	13793	13844	13905	13951	13996	14044	14114	14172	14223	14280	14334	14371	14423	14466	14500	14536	14570
https://youtu.be/3F5293IQSPM	モーニング娘。誕生10年記念隊「愛しき悪友へ」	6512	11502	13731	15206	16361	17046	17543	17938	18518	18981	19308	19680	20017	20264	20578	20652	20867	21060	21240	21391	21518	21651	21790	21884	22034	22190	22333	22483	22583	22685	22769	22854	22961	23053	23157	23246	23345	23435	23496	23565	23629	23697	23765	23814
https://youtu.be/pE_5RjCgdwI	セクシー8「幸せですか?」	4864	9038	11509	15279	19075	21975	24178	26833	29022	30248	31350	32663	34001	35057	36371	36720	37585	38397	39099	39848	40438	41201	41948	42597	43329	44024	44925	45664	46238	46796	47297	47777	48255	48789	49283	49793	50328	50830	51356	51846	52289	52760	53225	53650
https://youtu.be/czuKh5v9W2s	10人祭「ダンシング!夏祭り」	5059	9357	11713	14833	18111	20413	22117	23721	25844	27695	29378	31656	34382	36528	38580	39092	40359	41730	43177	44620	45809	47187	48370	49518	50881	52317	54362	56093	57554	58733	59839	60960	62076	63373	64547	65855	67150	68355	69598	70638	71637	72585	73584	74650
https://youtu.be/91fsC8HLN_o	ハッピー♡7「幸せビーム!好き好きビーム!」	7142	14292	18098	22482	26607	29532	31904	34011	36773	39169	41271	44050	47009	49799	53088	53877	55807	57764	59614	61542	63124	64843	66472	67936	69633	71309	73298	75040	76532	77995	79257	80443	81580	82837	84022	85285	86551	87731	88824	89909	90921	91943	92953	93869
https://youtu.be/NdTuDS-P42k	あぁ!「FIRST KISS」	12929	21779	26172	31079	36225	39832	42479	45273	48392	50838	53609	56371	59108	61803	65107	65870	67850	70069	72165	74113	75576	77363	78918	80312	82025	83694	85290	86697	88007	89338	90660	91897	93243	94556	96793	99517	102096	104606	107306	109939	112350	114595	116681	118505
https://youtu.be/7OjW4fU-RVQ	7人祭「サマーれげぇ!レインボー」	4934	9463	11842	15024	18181	20454	22304	23845	25894	27551	29306	31611	34292	36599	38924	39496	40893	42499	44114	45736	47125	48563	49899	51358	52875	54358	56333	57915	59285	60594	61640	62673	63758	64989	66149	67317	68531	69593	70652	71634	72558	73444	74351	75360
https://youtu.be/7rVVKS77IJE	こぶしファクトリー&つばきファクトリー「ひょっこりひょうたん島」	11367	19923	22651	25832	27650	28832	29663	30379	31335	31970	32453	33069	33651	34093	34615	34771	35178	35496	35822	36083	36305	36564	36844	37068	37453	37727	38018	38270	38503	38697	38858	38992	39132	39306	39516	39732	39890	39994	40139	40267	40391	40495	40610	40717
https://youtu.be/yuNt0brrUFg	ZYX「白いTOKYO」	9076	15489	18500	21795	25089	27439	29153	30946	32928	34538	35903	37334	38605	39791	41272	41598	42532	43546	44514	45295	45998	46790	47538	48184	49119	50028	50850	51599	52239	52752	53325	53831	54347	55608	56778	57660	58504	59272	60038	60764	61375	61954	62576	63070
https://youtu.be/evtaXCxTwNc	モーニング娘。おとめ組「友情〜心のブスにはならねぇ!〜」	7185	14190	17808	20867	23557	25363	26712	27919	29275	30460	31398	32497	33465	34261	35285	35548	36171	36796	37380	37950	38407	38945	39450	39966	40557	41075	41625	42157	42641	43072	43458	43787	44134	44515	44890	45333	45719	46104	46460	46828	47175	47522	47884	48182
https://youtu.be/ikRWg1mHQQw	GAM「メロディーズ」	6997	12731	15704	18506	21191	23172	24629	25981	27570	29027	30248	31707	33097	34326	36115	36477	37467	38415	39342	40267	40994	41808	42671	43488	44529	45532	46562	47409	48192	48952	49650	50309	50992	51635	52242	52864	53505	54080	54705	55327	55954	56522	57063	57570
https://youtu.be/8VagJJov398	ごまっとう「SHALL WE LOVE?」	39853	74142	88643	115869	151951	182179	200233	218601	238352	255409	268497	281181	294239	306165	319107	322822	329432	336840	344077	351159	357858	366995	375178	381341	389112	396492	404109	410524	415413	419836	424190	428410	432302	436636	440775	444898	448951	452922	456786	460518	464684	468163	471172	474254
https://youtu.be/UTlMhdFVTYc	ZYX「行くZYX! FLY HIGH」	9417	16018	19301	22938	26104	28247	29937	31427	33121	34603	35817	37286	38722	39931	41683	42089	43167	44177	45142	45995	46708	47574	48410	49291	50207	51231	52055	52906	53624	54331	54967	55533	56178	56835	57566	58318	58996	59678	60343	61050	61762	62515	63018	63529
https://youtu.be/nCBnZax5NdY	GAM「Thanks!」	5759	10402	12901	16319	20143	22509	24686	26640	29307	31404	33362	35676	37957	39954	42396	43043	44566	46156	47928	49536	50950	52561	53998	55776	57749	60113	65050	67890	70310	73038	75555	77300	79017	80720	82260	83699	84940	86237	87617	88904	90254	91563	92783	93877
https://youtu.be/htckGyVAMSc	SALT5「GET UP!ラッパー」	5966	11336	14287	17258	20132	22276	23916	25459	27201	28750	30061	31608	33049	34398	36058	36475	37494	38561	39507	40379	41169	42038	42874	43619	44487	45411	46326	47043	47694	48284	48793	49362	49898	50536	51083	51615	52147	52681	53165	53628	54072	54506	54973	55346
https://youtu.be/_1HreSTRjVU	High-King「C\Cシンデレラ\コンプレックス)」	25626	44215	53178	63378	74255	81032	86853	92729	98065	102229	105714	108977	112098	114526	118282	119103	121416	123774	125928	127974	129846	131729	133450	135165	137242	139257	141439	143255	145007	146619	148158	149707	151298	152983	154654	156294	158088	159668	161059	162562	164131	165554	166897	168405
https://youtu.be/4YIIIVk3XA4	7AIR「壊れない愛がほしいの」	7328	14515	18554	22364	26104	28998	31109	33145	35496	37658	39479	41881	44104	46378	49587	50281	52194	53950	55774	57439	58769	60582	62227	63877	65823	67520	69516	70978	72483	73861	75155	76443	77806	79054	80283	81590	82937	84251	85637	87043	88267	89327	90531	91602
https://youtu.be/BJdaxKaTCtg	モーニング娘。誕生10年記念隊「僕らが生きる	4686	10645	13492	15245	16591	17260	17733	18267	18859	19289	19568	19899	20216	20451	20747	20833	21028	21215	21377	21543	21671	21814	21975	22100	22290	22467	22651	22765	22853	22957	23054	23131	23222	23315	23427	23520	23643	23740	23807	23903	23978	24046	24110	24178
https://youtu.be/n2pNVmjVwnk	後浦なつみ「恋愛戦隊シツレンジャー」	4233	7308	8660	10173	11723	12682	13395	14023	14890	15654	16334	17050	17732	18275	18937	19086	19490	19857	20316	20757	21070	21513	21908	22205	22577	22906	23298	23603	23848	24079	24283	24512	24755	25023	25248	25475	25681	25879	26100	26300	26506	26700	26889	27071
https://youtu.be/Z69cx7LZxTY	H.P.オールスターズ「ALL FOR ONE & ONE FOR ALL!」	16627	27097	32128	37163	41426	44054	45926	47770	49857	51830	53524	55452	57342	58941	61263	61850	63389	64781	65991	67109	68056	69052	70063	71245	72743	74193	75735	76928	77889	78913	79843	80830	82048	83430	86126	88691	90828	92588	94085	95861	97570	99204	100424	101597
https://youtu.be/BtwJipmatzk	モーニング娘。さくら組「さくら満開」	6814	13170	16529	19661	22813	24940	26668	28043	29911	31448	32679	34083	35378	36575	38234	38682	39646	40520	41353	42124	42758	43505	44229	44959	45843	46736	47641	48430	49089	49754	50391	51012	51622	52291	52878	53498	54110	54731	55323	55898	56514	57118	57722	58181
https://youtu.be/eX-7DlYD_HA	11WATER「BE ALL RIGHT!」	6272	12599	15704	18690	21587	23497	25139	26708	28489	30014	31343	32910	34592	36191	38152	38665	39954	41079	42216	43396	44346	45404	46506	47676	48944	50021	51244	52132	53006	53897	54849	55918	56869	57693	58416	59126	59877	60633	61395	62075	62743	63306	63921	64476
https://youtu.be/kiTSjnJGWxI	セクシーオトナジャン「オンナ、哀しい、オトナ」	4653	8526	10420	12197	14268	15466	16386	17235	18209	18932	19561	20330	21037	21644	22458	22677	23146	23605	23981	24403	24751	25162	25542	25858	26261	26663	27065	27414	27698	27957	28217	28483	28781	29063	29325	29578	29818	30045	30261	30480	30687	30877	31024	31169
https://youtu.be/MxbR5MX-rvE	GAM「LU LU LU」	2942	5401	6596	8082	9285	10126	10772	11368	12161	12867	13455	14051	14645	15103	15752	15900	16304	16664	17013	17404	17730	18074	18397	18697	19033	19373	19701	19973	20217	20476	20716	20952	21202	21421	21632	21870	22084	22292	22528	22734	22980	23207	23413	23577
https://youtu.be/TsdyflwJY0E	エレジーズ「印象派 ルノアールのように」	9575	18022	22514	26492	30489	33248	35610	37604	39583	41443	43223	45115	46987	48578	50760	51283	52525	53835	55086	56305	57401	58545	59747	60799	61934	63085	64247	65193	66035	66811	67533	68329	69098	69941	70697	71403	72152	72891	73558	74271	74917	75469	76065	76588
https://youtu.be/uf0FE7xBZA8	あか組4「赤い日記帳」	9132	17169	21739	27673	33345	37021	39935	42674	46409	50079	53131	58190	68107	82036	90043	92349	96184	100259	104325	108443	112049	116562	121157	124742	129298	134616	141247	148483	154154	158931	163620	169420	174129	178457	182066	186182	189864	192608	195226	197796	200555	202611	204847	206978
https://youtu.be/Szxwc8s3kUk	安倍なつみ&矢島舞美「16歳の恋なんて」	5134	10135	12154	13625	15006	16051	16826	17473	18142	18689	19151	19692	20112	20498	20945	21053	21376	21652	21892	22139	22294	22508	22731	22967	23228	23438	23682	23906	24068	24240	24403	24561	24714	24865	25056	25231	25410	25543	25663	25778	25878	25968	26055	26142
https://youtu.be/urVG0V582SI	青色7「青いスポーツカーの男」	4738	8433	10339	13011	15719	17470	18815	20195	22021	23714	25490	28061	31169	34295	36623	37258	38676	40481	42366	44202	45770	47792	49707	51143	52909	54959	57862	60115	62162	63764	65262	66594	68043	69380	70504	71833	73141	74242	75497	76572	77532	78430	79273	80275
https://youtu.be/RDJoHTw1Jpw	プリプリピンク「人知れず 胸を奏でる 夜の秋」	2976	5437	6592	7631	8681	9341	9914	10348	10914	11319	11667	12085	12458	12719	13069	13146	13361	13566	13749	13958	14092	14242	14400	14557	14728	14896	15059	15193	15304	15429	15534	15641	15760	15895	16013	16117	16226	16311	16399	16476	16556	16621	16679	16728
https://youtu.be/46QXsuaB898	DEF.DIVA「好きすぎて バカみたい」	21221	39355	48880	59665	72091	81227	88011	95559	103798	109527	114821	120769	126573	131747	139302	141057	145406	149844	154133	158096	161436	165293	169114	172867	177614	182061	186594	190456	194405	197876	201437	205141	208736	211870	215043	218060	221089	224018	227124	230680	233864	236976	240020	242894
https://youtu.be/GXPw82DIPgI	モーニング娘。さくら組「晴れ 雨 のち スキ ♡」	9381	20940	26804	33346	39916	44225	47162	50509	54541	58614	62145	66162	69740	72837	77348	79110	81712	84245	86543	88714	90592	92669	94682	96593	99176	101623	104341	106929	109107	110971	112816	114715	116583	118396	120125	121819	123651	125380	127099	128880	130707	132614	134137	135627
https://youtu.be/Q9D700GzNk4	松浦亜弥「The 美学」				10230	18365	22484	26638	31062	36401	41407	45653	49983	54583	58316	63413	64783	67630	70529	73373	76069	78600	81482	84355	87131	90250	93541	96645	99221	101837	104418	107088	109811	112353	114916	117243	119976	122563	125096	127603	130392	133108	135352	137427	139734
https://youtu.be/aUvWsZHUKvM	松浦亜弥「ね〜え?」				16545	32262	40741	47886	55324	62153	68375	73443	79301	84921	89583	95542	97148	100657	104461	108077	111854	115107	118592	122052	125298	129537	133811	138289	142374	146671	150316	153916	157556	161622	165633	169187	172916	176920	180768	184727	188571	192343	195794	199335	202915
https://youtu.be/_BXlt5mKRvU	松浦亜弥「風信子ヒヤシンス)」				2767	4721	6018	7128	8091	9216	10153	10877	11546	12189	12656	13262	13403	13760	14160	14484	14856	15130	15411	15692	15994	16348	16715	17070	17407	17719	18064	18390	18697	18987	19294	19571	19817	20072	20324	20603	20885	21156	21409	21690	21949
https://youtu.be/lxLrWa7927o	松浦亜弥「砂を噛むように...NAMIDA」				2233	3796	4588	5167	5704	6328	6815	7274	7715	8110	8470	8889	8978	9264	9527	9765	9981	10173	10399	10590	10779	11005	11215	11402	11568	11757	11922	12059	12225	12377	12537	12656	12799	12979	13151	13313	13455	13592	13752	13873	13996
https://youtu.be/BxEf3vGTeWQ	松浦亜弥「Yeah!めっちゃホリディ」				19694	35578	44256	51402	59596	70352	80757	90815	101877	112062	119816	129996	132477	138544	145440	152560	160048	166618	172827	179325	185611	193296	200738	209672	218153	225378	232834	240732	248995	257615	267596	275870	283499	291088	299318	307840	319083	328474	337074	344211	350965
https://youtu.be/A7tBH2j_j_w	松浦亜弥「100回のKISS」				8108	18443	20792	23106	25642	28412	30571	32399	34335	36286	37969	40232	40849	42207	43594	44806	46011	47028	48142	49354	50447	51887	53361	54706	55823	56883	58001	59139	60293	61387	62586	63619	64757	65879	67043	68351	69479	70564	71482	72451	73474
https://youtu.be/iM5MUvyQJGg	松浦亜弥「気がつけば あなた」				7508	19558	24057	26756	28794	30933	32351	33395	35015	36278	37236	38318	38539	39333	40039	40727	41235	41729	42265	42769	43317	44046	44645	45240	45760	46246	46739	47153	47590	48046	48549	48993	49506	49966	50385	50789	51219	51632	52012	52369	52705
https://youtu.be/z58_bAhiWcc	松浦亜弥「GOOD BYE 夏男」				16660	30630	38905	45755	53522	62509	69647	75739	82102	89295	95734	103551	105328	109872	114543	119067	123140	126402	129789	133003	136071	139919	143596	147496	150614	153565	156717	159674	162379	165171	167824	170058	172432	174885	177211	179550	181966	184316	186503	188578	190677
https://youtu.be/JSzISK4PNic	藤本美貴「会えない長い日曜日」				10310	17778	21652	24440	27415	31390	34483	37090	40701	43542	46088	49299	50207	52240	54494	56995	59113	60808	62696	64546	66146	68135	70103	72110	73734	75393	77174	78926	80500	82175	83626	85126	86915	88501	90098	91483	93034	94308	95428	96606	97913
https://youtu.be/Zy2QNksVkyo	藤本美貴「置き手紙」				3914	6348	7540	8393	9202	9998	10490	10869	11289	11597	11858	12210	12281	12491	12730	12910	13109	13263	13429	13626	13753	13948	14106	14298	14454	14597	14727	14849	14967	15116	15264	15391	15513	15650	15793	15955	16043	16168	16339	16500	16622
https://youtu.be/UmxFhFbyQF8	松浦亜弥「THE LAST NIGHT」				2270	3760	4596	5266	5809	6399	6867	7223	7579	7908	8145	8496	8575	8809	9010	9214	9393	9534	9694	9864	10012	10210	10391	10577	10735	10890	11021	11149	11268	11367	11508	11640	11761	11859	11958	12076	12203	12317	12400	12486	12551
https://youtu.be/BeXYdffrqyg	藤本美貴「ブギートレイン'03オースリー)」				21143	34817	41523	47206	54394	62178	68405	73018	77805	81955	85691	90375	91642	94684	97689	100795	103575	106022	108644	111436	114053	117196	120454	123313	125860	128333	130710	132901	135020	137349	139652	141884	143940	146160	148091	150168	152589	154813	156797	158686	160403
https://youtu.be/cD6me0aRLRE	松浦亜弥「YOUR SONG ~青春宣誓~」				1918	3360	4144	4921	5711	6325	6733	7088	7439	7730	7983	8308	8404	8588	8801	8967	9131	9302	9475	9631	9775	9988	10178	10340	10477	10620	10781	10938	11078	11207	11352	11451	11587	11703	11807	11949	12071	12166	12267	12354	12441
https://youtu.be/h6SM-Xphmmo	松浦亜弥「チョコレート魂」				5157	8683	10756	12401	13871	15104	15930	16549	17229	17856	18310	18874	19013	19436	19818	20123	20368	20593	20883	21131	21396	21734	22015	22277	22517	22731	22942	23146	23337	23521	23740	23915	24108	24295	24498	24680	24825	24964	25092	25230	25343
https://youtu.be/M_jQTcbLB8o	藤本美貴「ボーイフレンド」				7862	13008	16034	18175	20208	22503	24436	25890	27530	28990	30137	31594	31891	32830	33775	34604	35477	36179	36918	37688	38380	39278	40154	40939	41801	42437	42991	43546	44147	44766	45394	45942	46531	47140	47712	48319	48929	49484	49980	50480	50903
https://youtu.be/z-ApZFvjVbE	松浦亜弥「ドッキドキ!LOVEメール」				18125	29011	34312	38288	42800	48865	53791	57867	62841	67412	71425	77231	78590	82014	85430	88910	92185	94828	97652	100560	103609	107346	110942	114592	117573	120722	123648	126622	129522	132518	135724	138496	141340	144351	147229	150144	153241	156128	158866	161352	163958
https://youtu.be/IIj6RlHtS9w	松浦亜弥「♡桃色片想い♡」				28415	48232	57025	64283	73063	82882	92618	101668	111366	120420	127276	136401	138564	144165	150229	156419	162913	168679	174571	180155	186005	194058	202070	210770	218467	225404	232866	240494	248530	256407	264717	271626	278614	286562	293432	300799	308746	316810	324282	331250	338511
https://youtu.be/nV0-nufnzNM	松浦亜弥「奇跡の香りダンス。」				13493	23462	28995	33890	40660	47125	51697	55654	59810	63342	66386	70570	71560	74097	76682	79238	81512	83391	85498	87548	89594	92185	94628	97133	99125	101270	103382	105285	107372	109468	111444	113223	115321	117457	119442	121590	123682	125686	127440	129073	130611
https://youtu.be/B85xamk1FEM	松浦亜弥「LOVE涙色」				14224	23979	30676	35003	40658	48391	55174	62820	68838	74747	79501	86212	87840	92215	96624	101276	105792	109630	113875	118317	122435	127310	131989	136739	141101	145625	150093	154679	159014	163772	168128	171872	175752	180117	184409	188584	193790	197890	201774	205542	209296
https://youtu.be/-g8qPit4mo4	松浦亜弥「トロピカ〜ル恋して〜る」				13788	22889	28649	34276	38936	44738	49495	53429	57267	61227	64569	69820	71363	74527	77943	81267	84405	87277	90052	92872	95496	99002	102608	105786	108736	111406	114026	116814	119705	122596	125087	127226	129465	131780	133968	136228	138879	141476	143821	146091	148184
https://youtu.be/YhmSHlsDUn4	松浦亜弥「草原の人」				2835	4789	5735	6457	7260	8139	8782	9316	9805	10278	10650	11138	11240	11573	11872	12149	12417	12640	12878	13110	13370	13685	13951	14225	14450	14665	14869	15052	15259	15433	15624	15781	15955	16132	16287	16485	16654	16834	16978	17146	17299
https://youtu.be/netJmpGQYv0	藤本美貴「そっと口づけて ギュッと抱きしめて」				5397	8999	10976	12324	13752	15304	16544	17630	18678	19700	20478	21490	21727	22423	23182	23818	24473	25010	25568	26135	26657	27319	27926	28551	29067	29484	29919	30336	30726	31122	31595	31971	32393	32845	33252	33668	34015	34370	34712	35045	35334
https://youtu.be/COoY4qWqL-k	松浦亜弥「笑顔」				2446	4181	5624	6281	6833	7484	7983	8362	8743	9135	9445	9805	9899	10154	10406	10582	10787	10951	11149	11339	11526	11745	11942	12149	12329	12508	12667	12863	13036	13196	13371	13537	13702	13876	14036	14199	14356	14481	14616	14770	14884
https://youtu.be/_hSLSRvawFI	松浦亜弥「きずな」				1569	2713	3254	3659	4030	4469	4818	5082	5309	5507	5669	5860	5900	6019	6147	6248	6349	6416	6514	6631	6722	6834	6942	7046	7144	7234	7315	7387	7452	7512	7571	7643	7699	7767	7830	7883	7939	7986	8032	8077	8119
https://youtu.be/-dcOYIDgCOY	藤本美貴「ロマンティック 浮かれモード」				29971	49957	61016	70240	80231	93164	103719	113190	123108	132623	140648	152107	154994	162342	169779	176747	183637	189378	196124	202304	208941	216499	224119	231990	238778	245082	251487	257667	264248	270345	276391	282136	288102	294165	300046	305884	311986	318117	323926	329361	334443
https://youtu.be/MmLatZZU8UE	松浦亜弥「ずっと 好きでいいですか」				5548	9799	12258	14165	15828	17728	19095	20273	21368	22312	23098	24194	24455	25189	25908	26618	27231	27752	28315	28860	29361	30012	30550	31098	31604	32081	32524	32948	33356	33835	34273	34632	34996	35410	35767	36207	36555	36984	37311	37611	37883
https://youtu.be/QLg2iS6ady4	松浦亜弥「渡良瀬橋」				3299	6277	8426	9895	11171	12520	14774	15844	16661	17381	17899	18598	18783	19229	19719	20150	20558	20906	21365	21771	22171	22663	23183	23667	24099	24536	24988	25459	25894	26318	26754	27134	27537	27909	28284	28638	29049	29479	29836	30221	30645
https://youtu.be/3IaxZ9IzPEs	後藤真希「シークレット」									2934	4591	5474	6345	6865	7244	7663	7756	7945	8153	8317	8471	8596	8745	8896	9016	9177	9318	9453	9565	9680	9782	9875	9947	10030	10127	10230	10308	10390	10451	10528	10584	10643	10692	10749	10808
https://youtu.be/rbjvN6Gsz1Q	安倍なつみ「Too far away〜女のこころ〜」									779	1180	1412	1645	1884	1993	2161	2224	2240	2329	2410	2470	2532	2604	2669	2721	2773	2830	2880	2931	2979	3038	3073	3109	3151	3198	3247	3290	3332	3372	3406	3437	3478	3511	3556	3589
https://youtu.be/4f8a6TbnrL8	後藤真希「SOME BOYS! TOUCH」									6408	9664	11053	12414	13515	14322	15316	15549	16088	16634	17139	17574	17925	18326	18737	19113	19545	19928	20364	20734	21066	21421	21776	22074	22396	22727	23120	23450	23758	24041	24327	24599	24848	25037	25274	25482
https://youtu.be/HaTcLcy52yQ	後藤真希「抱いてよ!									9273	15743	19306	22256	24900	26974	29732	30254	31673	33062	34142	35210	36184	37062	37961	38729	39770	40801	41903	42835	43588	44430	45117	45753	46405	47250	48445	49600	50647	51890	52910	53838	54688	55316	55974	56708
https://youtu.be/HRHTI9Zu96o	中澤ゆうこ&高山厳「お台場ムーンライトセレナーデ」									750	1142	1336	1544	1735	1924	2122	2153	2275	2373	2457	2526	2571	2641	2724	2784	2872	2948	3032	3090	3131	3190	3230	3286	3343	3377	3426	3493	3556	3612	3656	3715	3753	3788	3831	3869
https://youtu.be/pYyATHeAyHs	中澤裕子「うらら」									596	948	1136	1307	1434	1533	1653	1672	1730	1803	1867	1915	1957	2003	2036	2074	2119	2172	2223	2253	2279	2317	2343	2370	2408	2433	2493	2534	2559	2583	2642	2684	2713	2737	2759	2782
https://youtu.be/yq56-g1wRhI	中澤裕子「DO									765	1168	1377	1595	1739	1878	2048	2078	2187	2288	2356	2432	2490	2548	2602	2655	2708	2777	2843	2908	2956	3014	3059	3096	3148	3184	3247	3298	3343	3385	3423	3443	3472	3505	3545	3576
https://youtu.be/wj3Tt9lPl5E	安倍なつみ「ザ・ストレス」									1758	4632	7646	9515	11774	14853	17235	17383	17698	17926	18089	18264	18426	18601	18751	18856	19012	19131	19251	19383	19472	19564	19647	19715	19791	19882	19982	20055	20123	20175	20243	20310	20372	20431	20495	20544
https://youtu.be/LBrZ7CSFgpo	中澤裕子「GET ALONG WITH YOU」									740	1115	1299	1504	1642	1782	1963	2001	2107	2190	2259	2330	2396	2455	2515	2570	2631	2690	2762	2815	2851	2898	2935	2966	3010	3041	3112	3164	3204	3245	3281	3320	3348	3377	3414	3442
https://youtu.be/CWUaQcick44	後藤真希「愛のバカやろう」									15264	25779	32241	38223	43597	47863	53992	55775	59091	62535	65450	68356	70584	73178	75764	78200	81204	83811	86697	89371	91567	93714	96098	98216	100369	102440	104522	106506	108747	110987	113074	115059	116887	118465	119962	121523
https://youtu.be/acC5jgRk6Zs	中澤ゆうこ「上海の風」									1659	2914	3765	4926	5918	6567	6949	7016	7239	7458	7619	7771	7890	8027	8144	8238	8357	8467	8573	8671	8744	8836	8916	8968	9052	9124	9275	9425	9546	9632	9695	9763	9835	9877	9939	9989
https://youtu.be/0OnyX8xQzds	後藤真希「ガラスのパンプス」									21148	30289	34592	38734	42342	44982	48535	49240	51120	52748	54007	55201	56250	57451	58512	59500	60942	62240	63524	64719	65665	66553	67361	68219	69056	69858	70733	71523	72280	73018	73718	74312	75000	75625	76240	76803
https://youtu.be/M0kSm_HRBAk	後藤真希「うわさのSEXY GUY」									6031	10333	12466	14476	16052	17353	18983	19365	20445	21490	22386	23149	23865	24685	25386	25999	26823	27490	28210	28849	29437	30045	30551	31046	31569	32115	32645	33175	33729	34230	34767	35248	35711	36078	36472	36937
https://youtu.be/NOgLIEmwdXE	後藤真希「原色GAL 派手に行くべ!」									6258	10462	12801	14820	16308	17548	19481	20004	21064	21860	22500	23054	23494	24024	24484	24897	25620	26244	26893	27369	27761	28151	28501	28818	29144	29490	29834	30158	30477	30805	31080	31333	31597	31837	32067	32349
https://youtu.be/K9Ozgm-jOuM	安倍なつみ「スイートホリック」									1221	1936	2587	3192	3567	3843	4283	4380	4551	4767	4898	5020	5128	5234	5324	5410	5522	5632	5717	5796	5864	5942	6005	6070	6127	6189	6245	6329	6386	6440	6487	6528	6581	6624	6674	6711
https://youtu.be/MHkRKqmdbBM	安倍なつみ「甘すぎた果実」									1153	1808	2297	2889	3589	4280	6407	6639	6840	7045	7190	7317	7414	7553	7711	7821	7957	8104	8207	8311	8398	8496	8596	8681	8795	8892	8985	9094	9187	9289	9403	9493	9571	9626	9705	9781
https://youtu.be/ntwFGHRAmYM	中澤ゆうこ「純情行進曲」									853	1235	1448	1684	1878	2024	2207	2255	2411	2524	2607	2677	2733	2812	2873	2938	2998	3047	3091	3143	3186	3228	3265	3302	3334	3372	3450	3510	3553	3595	3643	3677	3707	3730	3758	3778
https://youtu.be/JzH1ild4XAk	後藤真希「君といつまでも」									1104	1826	2203	2623	3181	3584	3982	4057	4241	4411	4529	4632	4726	4824	4943	5016	5133	5226	5314	5388	5502	5536	5595	5649	5689	5749	5822	5888	5949	5994	6045	6088	6129	6164	6214	6252
https://youtu.be/cP1gsue0RlY	後藤真希「スッピンと涙。」									3230	4930	5831	6630	7257	7666	8274	8391	8711	8996	9218	9409	9586	9775	9959	10129	10392	10598	10767	10948	11098	11236	11377	11501	11623	11732	11882	12009	12146	12282	12392	12488	12583	12661	12737	12832
https://youtu.be/4mX2zu_InsY	安倍なつみ「夢ならば」									1379	2188	2569	2967	3284	3458	4251	5134	5639	5801	5903	5990	6081	6186	6277	6344	6424	6522	6615	6661	6740	6808	6864	6918	6981	7046	7110	7184	7245	7310	7374	7426	7489	7549	7607	7661
https://youtu.be/Kj2jnwYFMM8	後藤真希『さよなら「友達にはなりたくないの」』									2354	3829	4711	5524	6319	6780	7347	7504	7813	8127	8389	8595	8793	8986	9216	9415	9667	9889	10085	10294	10489	10641	10782	10921	11042	11188	11327	11444	11562	11684	11831	11966	12093	12182	12289	12381
https://youtu.be/dS1eiirpZCk	後藤真希「横浜蜃気楼」									2946	4736	5654	6418	6999	7461	8016	8164	8485	8768	9028	9243	9429	9631	9820	9976	10198	10369	10563	10710	10843	10962	11107	11198	11294	11409	11545	11653	11750	11844	11958	12054	12138	12203	12281	12346
https://youtu.be/ue1DyG1RIxc	高橋愛「夢から醒めて」									6728	10730	12539	13799	14492	15008	15575	15709	16066	16358	16599	16810	17013	17200	17383	17528	17756	17945	18113	18248	18371	18516	18628	18724	18819	18956	19075	19182	19270	19352	19441	19512	19589	19655	19725	19808
https://youtu.be/Wlp9xZyHKtc	後藤真希「サン・トワ・マミー」」									1334	2109	2610	3249	3570	3824	4120	4204	4414	4565	4673	4793	4885	4981	5079	5175	5292	5411	5500	5567	5645	5733	5803	5861	5922	5987	6068	6141	6207	6269	6339	6404	6453	6517	6586	6665
https://youtu.be/f6jeg-NkaU4	安倍なつみ「雨上がりの虹のように」									1334	2177	2702	3428	4481	5651	7171	7295	7533	7728	7859	7995	8101	8234	8355	8451	8559	8697	8808	8904	8963	9054	9168	9256	9344	9438	9567	9715	9819	9909	9981	10067	10188	10263	10338	10390
https://youtu.be/c__lQ4ZEjX4	飯田圭織「エーゲ海に抱かれて」									1863	3081	3536	3991	4314	4556	4807	4864	5052	5203	5306	5424	5528	5653	5775	5847	5967	6085	6179	6262	6318	6396	6458	6512	6575	6631	6712	6775	6813	6872	6924	6976	7026	7070	7110	7145
https://youtu.be/rh8V5JuXfpc	後藤真希「今にきっと...In									2053	3186	3782	4342	4740	5064	5466	5552	5740	5937	6096	6220	6336	6479	6602	6696	6815	6950	7065	7168	7240	7333	7404	7474	7548	7618	7695	7756	7808	7875	7950	8005	8070	8114	8156	8212
https://youtu.be/VCc-8OggiUA	中澤裕子「だんな様」									712	1068	1249	1440	1571	1688	1818	1846	1944	2019	2095	2138	2192	2274	2324	2370	2421	2481	2539	2580	2622	2679	2712	2740	2784	2816	2874	2931	2977	3013	3045	3074	3101	3124	3155	3189
https://youtu.be/Y2rT2_PE70c	中澤裕子「東京美人」									1189	1786	2111	2500	2752	3004	3307	3409	3621	3796	3945	4061	4183	4306	4408	4506	4617	4721	4828	4913	4978	5049	5113	5163	5215	5288	5396	5495	5590	5688	5765	5831	5895	5944	6016	6071
https://youtu.be/cYE4vdRvMmA	後藤真希「手を握って歩きたい」									5663	9350	11190	12745	14162	15278	16561	16859	17626	18305	18828	19392	19875	20402	20907	21302	21862	22335	22867	23321	23692	24043	24369	24677	24981	25319	25610	25913	26252	26544	26837	27092	27349	27583	27801	28052
https://youtu.be/LAGOcKD5wak	後藤真希「サヨナラのLOVE SONG」									1443	2291	2766	3229	3613	3909	4246	4320	4489	4647	4787	4890	5005	5125	5249	5344	5475	5592	5703	5794	5879	5970	6055	6123	6182	6255	6357	6438	6513	6575	6655	6725	6773	6806	6858	6900
https://youtu.be/-LzZG0PhWms	後藤真希「溢れちゃう...BE IN LOVE」									5691	10064	12419	14727	16812	18600	21101	21648	22731	23702	24498	25269	25983	26821	27514	28207	29089	29848	30691	31468	32184	32858	33578	34130	34669	35257	35834	36439	37040	37631	38161	38680	39257	39708	40120	40661
https://youtu.be/H4L52lPURhc	安倍なつみ「22歳の私」									3097	6456	7933	8835	9589	10213	11039	11242	11644	12028	12329	12629	12880	13149	13404	13612	13875	14116	14394	14651	14834	15029	15174	15321	15491	15634	15778	15967	16137	16262	16400	16526	16688	16823	16959	17114
https://youtu.be/aoEMlXOsZEE	安倍なつみ「息を重ねましょう」									1552	2425	3008	3583	4089	4383	4776	4878	5060	5249	5392	5524	5651	5778	5898	5991	6106	6236	6333	6432	6501	6576	6654	6716	6789	6869	6946	7019	7091	7158	7219	7265	7325	7369	7438	7484
https://youtu.be/u4gTyIOcJNc	中澤裕子「二人暮し」									888	1426	1673	1917	2093	2240	2417	2464	2584	2720	2828	2945	3020	3103	3184	3251	3316	3375	3459	3506	3552	3607	3658	3702	3752	3802	3884	3967	4023	4082	4132	4175	4251	4310	4396	4467
https://youtu.be/czmtppnsDeg	安倍なつみ「恋の花」									2642	4323	5449	6337	7241	7825	8596	8715	9006	9279	9494	9732	9893	10118	10306	10470	10664	10868	11052	11227	11357	11515	11648	11786	11910	12052	12204	12347	12485	12633	12748	12844	12968	13078	13193	13280
https://youtu.be/pQLhzkjcJ4w	後藤真希「やる気!IT'S EASY」									7316	11959	14404	16969	19303	21068	23582	24121	25587	26832	27885	28865	29819	30874	31877	32793	33832	34936	35896	36774	37574	38350	39055	39729	40423	41135	41881	42712	43426	44090	44773	45399	46087	46625	47226	47784
https://youtu.be/dyX4zZMgZcU	中澤ゆうこ「悔し涙 ぽろり」									3741	6099	7360	8737	10067	11152	12119	12313	12883	13415	13808	14161	14439	14762	15061	15306	15718	16074	16406	16667	16880	17065	17244	17406	17583	17782	18651	20166	21212	21907	22456	22906	23301	23646	23973	24305
https://youtu.be/fshGnzoDeww	後藤真希「スクランブル」									4469	7130	8564	10193	11406	12408	13662	13958	14600	15150	15685	16142	16509	16874	17298	17665	18107	18481	18853	19155	19419	19681	19900	20117	20378	20606	20860	21118	21373	21634	21856	22062	22260	22441	22664	22845
https://youtu.be/RzN6r99P1BY	安倍なつみ「恋のテレフォンGOAL」									6880	11320	13000	14531	15690	16496	17661	17886	18551	19069	19535	19936	20261	20647	21014	21295	21719	22141	22513	22839	23091	23380	23593	23875	24121	24409	24876	25380	25865	26279	26624	26967	27375	27742	28062	28359
https://youtu.be/B16deMDVUKk	安倍なつみ「だって 生きてかなくちゃ」									4538	7388	9230	11858	14898	17849	22840	23918	25147	25645	26031	26366	26640	26990	27300	27580	27906	28265	28597	28909	29163	29396	29594	29795	30009	30230	30488	30729	30963	31152	31354	31560	31787	31977	32175	32375
https://youtu.be/tIYWgbNlt6M	中澤ゆうこ「カラスの女房」									3812	6665	7929	9044	10062	10957	11716	11851	12243	12490	12688	12898	13068	13322	13482	13632	13834	14036	14228	14361	14516	14653	14767	14877	15031	15163	15363	15545	15714	15877	16028	16147	16300	16445	16618	16766
https://youtu.be/jViezC7T7T8	安倍なつみ「スクリーン」									1027	1604	1979	2712	3669	4679	5469	5545	5645	5776	5894	5982	6068	6166	6250	6309	6389	6481	6552	6622	6680	6740	6796	6838	6888	6939	7004	7056	7095	7134	7199	7261	7314	7355	7401	7443
https://youtu.be/bbymyyTc-k4	メロン記念日「告白記念日」												2128	3283	3955	4646	4818	5269	5628	5912	6144	6316	6524	6678	6833	6994	7196	7372	7541	7680	7794	7893	8002	8127	8246	8368	8485	8588	8687	8771	8842	8920	8989	9071	9142
https://youtu.be/cWw3gVP8cvY	メロン記念日「電話待っています」												1942	3030	3637	4365	4525	4921	5248	5539	5779	5973	6194	6384	6541	6729	6921	7079	7232	7361	7468	7567	7697	7815	7920	8059	8172	8280	8392	8488	8558	8657	8735	8804	8864
https://youtu.be/3Rg3Z7J2SE8	メロン記念日「さぁ! 恋人になろう」												4117	6604	7893	9401	9875	10833	11583	12311	12873	13251	13768	14160	14498	14984	15390	15822	16204	16532	16804	17072	17379	17688	17956	18170	18407	18610	18804	19011	19199	19415	19588	19758	19901
https://youtu.be/EEvxU-Gge8g	太陽とシスコムーン「Magic												22836	34468	39489	46746	48777	53010	57446	61937	66034	68906	71677	74210	76752	79799	82424	84969	87021	88789	90382	92019	93618	95434	97267	99686	102155	104300	106205	108110	109876	111559	113221	114704	116101
https://youtu.be/f1gfXzv5NHM	T&Cボンバ-「DON’T STOP 恋愛中」												3680	5865	7050	8307	8645	9298	9995	10622	11186	11659	12158	12658	13134	13637	14136	14597	14904	15234	15589	15901	16195	16512	16861	17225	17572	17879	18180	18420	18681	18937	19155	19392	19624
https://youtu.be/yRQPBp26W00	メロン記念日「涙の太陽」												1581	2697	3287	3973	4132	4578	4929	5162	5383	5521	5691	5864	5999	6180	6338	6509	6649	6763	6878	6999	7095	7187	7297	7399	7484	7575	7648	7717	7806	7871	7941	7995	8037
https://youtu.be/OaCMFr2lAmk	メロン記念日「かわいい彼」												2690	4368	5267	6300	6552	7191	7735	8168	8520	8765	9035	9313	9553	9847	10157	10409	10622	10810	10971	11112	11256	11428	11648	11816	11981	12113	12243	12382	12535	12664	12815	12935	13042
https://youtu.be/ZAykLLN5WHU	メロン記念日「夏の夜はデインジャー!」												2607	4293	5190	6210	6455	7111	7617	8092	8508	8824	9179	9482	9764	10098	10440	10712	11097	11353	11556	11732	11926	12126	12315	12490	12674	12845	12993	13140	13277	13402	13543	13662	13776
https://youtu.be/jpU0rJwolL8	メロン記念日「MI DA RA 摩天楼」												4894	7844	9491	11535	12084	13304	14358	15301	16067	16600	17254	17878	18411	19027	19662	20233	20744	21169	21569	21992	22387	22739	23121	23471	23793	24111	24415	24773	25076	25345	25577	25831	26035
https://youtu.be/0YLujqLubVc	メロン記念日「チャンス												2152	3456	4191	5081	5310	5855	6314	6679	7038	7277	7499	7738	7950	8211	8476	8701	8874	9051	9215	9379	9527	9694	9865	10015	10177	10292	10419	10550	10665	10768	10902	11007	11105
https://youtu.be/tImYo5-fquw	太陽とシスコムーン「月と太陽」												11150	17853	21085	24638	25689	28185	31042	34353	37673	41046	45271	49572	54735	61015	66214	72165	77414	81081	84638	89711	93588	98116	102798	112465	118797	122546	125718	131160	134135	137765	142818	146086	148632
https://youtu.be/hlWgda9TPd8	メロン記念日「甘いあなたの味」												2429	3851	4573	5300	5503	5946	6369	6725	7040	7261	7529	7755	7959	8191	8420	8638	8933	9115	9257	9375	9496	9665	9808	9929	10056	10189	10300	10391	10473	10569	10672	10754	10822
https://youtu.be/jKk-03I6v6g	メロン記念日「お願い魅惑のターゲット」												13636	24803	31718	37730	38944	42346	44907	46940	48673	50282	52109	53712	55027	56657	58144	59538	60644	61654	62514	63352	64183	64996	66539	67925	69132	70244	71316	72325	73268	74259	74994	75747	76418
https://youtu.be/lcLc80eZ0gU	メロン記念日「赤いフリージア」												21990	35310	43575	54567	57278	63778	69940	76277	81287	84587	88405	92167	95405	99498	103842	107733	111494	114690	117919	120591	123612	126912	129936	133188	136359	139467	142318	145274	148139	150849	153452	155799	158072
https://youtu.be/njYr0JbEBwc	太陽とシスコムーン「宇宙でLa Ta Ta」												15174	24634	29070	35287	36765	40598	44368	48043	51610	55127	59069	63175	67499	71354	74467	77923	80345	82716	84786	86749	88857	90848	92850	95324	97330	99905	101866	103482	105052	106619	108304	109631	110920
https://youtu.be/yyKbKzobSnk	T&Cボンバ-「HEY!真昼の蜃気楼」												5313	8668	11023	13180	13781	15057	16402	17941	19244	20216	21252	22203	23052	24052	25068	25985	26777	27611	28330	28947	29594	30491	31258	31984	32828	33565	34205	34847	35438	36063	36615	37182	37708
https://youtu.be/Z79ReAnQRKk	太陽とシスコムーン「丸い太陽ーwinter .ー」												3188	5113	6074	7083	7351	7948	8599	9089	9564	10000	10451	10920	11339	11787	12251	12726	13066	13435	13748	14045	14340	14691	15074	15464	15844	16191	16501	16781	17041	17327	17561	17842	18067
https://youtu.be/npkl11qivDE	メロン記念日「This												13242	21605	25731	30326	31454	34287	36946	39531	41590	42883	44458	45910	47277	49033	50631	52152	53532	54694	55858	56803	57689	58702	59795	61361	63049	64407	65707	66924	67954	68987	69898	70797	71837
https://youtu.be/llaArh_MWoA	太陽とシスコムーン「Eyday Eywhere」												5848	8623	10037	11726	12202	13275	14387	15519	16581	17565	18493	19406	20256	21216	22058	22913	23540	24182	24719	25310	25874	26422	27034	27699	28381	28996	29713	30277	30767	31242	31705	32117	32471
https://youtu.be/7DZzG_Twwx4	メロン記念日「香水」												8562	13786	16887	21315	22421	24867	26799	28568	30103	31283	32573	33835	35018	36522	37944	39058	40082	41032	41905	42827	43710	44719	45644	46576	47536	48405	49250	50087	50923	51692	52403	53068	53641
https://youtu.be/fNupF5fjG1Q	メロン記念日「肉体は正直なEROS」												5345	8571	10434	12515	13008	14355	15311	16188	16881	17376	17966	18477	18941	19556	20080	20580	20974	21341	21691	21993	22319	22634	22999	23299	23608	23898	24162	24423	24672	24912	25138	25376	25570
https://youtu.be/-ZsoqjWhhkw	メロン記念日「シャンパンの恋」												1715	2830	3524	4225	4356	4786	5126	5425	5655	5829	6012	6204	6347	6546	6750	6919	7054	7174	7274	7369	7472	7565	7682	7788	7887	7979	8059	8155	8253	8318	8413	8497	8565
https://youtu.be/VN8AMmlp38w	メロン記念日「カリスマ・綺麗」												3039	4912	5854	7017	7287	7949	8375	8693	8953	9115	9310	9481	9620	9797	9988	10166	10296	10424	10522	10615	10682	10772	10891	10984	11053	11145	11231	11313	11371	11434	11483	11533	11582
https://youtu.be/zNUc8dMoUP4	太陽とシスコムーン「ガタメキラ」												35856	55123	65825	80226	84510	94545	107813	126589	141324	152525	165946	177371	187894	199853	208381	217720	225759	232939	239180	246251	253496	261712	269234	278569	287709	295627	303601	311893	318601	324587	330379	335218	339287
https://youtu.be/7BzytLsI7Zs	メロン記念日「アンフォゲッタブル」												2210	3734	4567	5569	5789	6417	6929	7303	7629	7839	8067	8318	8508	8722	8956	9170	9343	9492	9614	9744	9865	9987	10157	10289	10404	10520	10622	10730	10816	10916	10998	11074	11158
https://youtu.be/jrvfCNv4lyE	ミニモニ。「ミニモニ。ジャンケンぴょん!」																	10952	17184	20841	24436	27586	31184	34052	36416	41581	45323	49333	52913	55818	59240	62154	65041	68093	71515	75703	80044	83948	87730	91859	95406	99452	103271	106617	110777
https://youtu.be/5rOyCZyNeXc	タンポポ「ラストキッス」																	9726	14809	17408	19912	22396	24873	27013	29337	31799	34082	36558	38534	40397	42384	44124	45805	47524	49341	51195	53304	55294	56990	58594	60377	61878	63360	64711	66161
https://youtu.be/jdeNXU0DCD0	ミニモニ。「ロックンロール県庁所在地~おぼえちゃいなシリーズ~」																	6388	10091	11727	13086	14186	15304	16300	17116	18951	20125	21276	22276	23075	23814	24428	25003	25575	26251	26869	27537	28223	28836	29368	29853	30455	31064	31630	32107
https://youtu.be/t2gIhkwalf0	ミニモニ。「ミニモ二。数え歌〜デートば~じょん~」																	2513	3854	4627	5364	6026	6499	6844	7101	7540	7864	8166	8462	8640	8858	9025	9184	9351	9517	9683	9852	10012	10159	10294	10412	10527	10658	10786	10901
https://youtu.be/KQf0JvCWd7M	プッチモニ「青春時代 1.2.3!」																	11695	25232	30462	34384	36720	39600	42305	44558	47073	49530	52431	54751	56788	58767	60456	62063	63752	65416	67007	68769	70315	71798	73212	74686	76048	77319	78476	79542
https://youtu.be/jHupy2hfERE	タンポポ「乙女 パスタに感動」																	19165	31305	37442	43757	48675	54084	60320	68426	78641	88611	106731	118546	127231	136536	144958	152373	159323	167911	173778	180647	186057	190408	194761	199931	204774	209503	214297	218188
https://youtu.be/AXgmbwgTKRY	ミニモニ。「ミニモニ。バスガイド」																	3512	5571	6528	7359	8014	8710	9283	9780	10873	11518	12195	12755	13196	13683	14081	14437	14784	15215	15628	16039	16397	16747	17070	17385	17749	18092	18431	18697
https://youtu.be/FXEDWNt-G_M	ミニモニ。「ミニモニ。ひなまつり!」																	5318	8284	9846	11193	12240	13355	14146	14771	16436	17499	18533	19374	20008	20739	21391	21990	22552	23179	23774	24421	25061	25786	26459	26984	27538	28085	28594	29084
https://youtu.be/2o0E8HX4Tp4	プッチモニ「ぴったりしたいX'mas!」																	11018	18028	21875	25567	28209	30671	33028	35063	37632	39804	42246	44286	45851	47479	48967	50362	51800	53253	54623	56159	57690	59123	60555	61903	63461	64957	66334	67583
https://youtu.be/TiSVoe9xeNg	プッチモニ「ちょこっとLOVE」																	15685	28637	35855	44570	50293	58885	66110	73188	83985	93029	102305	110413	116161	123035	129401	135719	142235	148799	155167	161321	167629	173456	179714	185177	190999	196649	202656	208839
https://youtu.be/nKX4YDAGEp0	モーニング娘。とハロー!プロジェクト・キッズ+後藤真希「がんばっちゃえ!」																	13523	20413	23190	25433	27059	28678	29623	30386	31304	32100	32791	33265	33688	34081	34419	34744	35112	35481	35815	36144	36452	36738	36994	37255	37496	37713	37913	38099
https://youtu.be/f3uBbXU-c08	タンポポ「聖なる鐘がひびく夜」																	4202	6513	7638	8814	9790	10649	11444	12192	13133	14004	14992	15729	16379	17047	17545	18041	18566	19084	19626	20220	20821	21332	21814	22358	22813	23269	23709	24180
https://youtu.be/9fZaE4Tcqao	ミニモニ。「ミニモ二。数え歌~お風呂ば~じょん~」																	2525	3973	4693	5317	5801	6326	6741	7054	7610	7967	8379	8733	8973	9210	9440	9639	9840	10036	10220	10386	10548	10739	10900	11029	11182	11362	11525	11678
https://youtu.be/4BZOOuMkkKA	タンポポ「たんぽぽ																	6106	10559	12945	14895	16452	17845	19127	20547	22040	23376	24874	26048	27079	28216	29282	30318	31388	32358	33430	34626	35719	36673	37594	38562	39473	40375	41185	41994
https://youtu.be/8cwSxzszinQ	ミニモニ。「お菓子つくっておっかすぃ~!」																	3305	5246	6220	7295	8186	9204	9732	10268	11145	11692	12260	12688	13072	13462	13799	14138	14406	14745	15057	15300	15574	15853	16128	16401	16694	16968	17225	17467
https://youtu.be/UY_8NcNWDR0	ミニモニ。と高橋愛+4KIDS「げんき印の大盛りソング」																	3978	6676	7982	8752	9380	10038	10520	10876	11516	11966	12428	12789	13053	13355	13618	13845	14066	14391	14712	14957	15200	15414	15622	15822	16119	16337	16562	16751
https://youtu.be/LarHKhVhc-g	ミニモニ。「ミニモニ。テレフォン!リンリンリン」																	7406	12464	15664	18542	20907	23625	25888	27732	31996	34907	37982	40828	43053	45320	47244	49190	51022	53218	55571	57832	60065	62046	63964	65723	67842	70065	72195	74429
https://youtu.be/RICxY1YsfB4	タンポポ「BE HAPPY 恋のやじろべえ」																	10142	16859	20235	24180	27062	29822	32586	34263	36242	38587	40786	42402	43699	45084	46082	47147	48219	49311	50457	51621	52814	53873	54882	55944	56887	57767	58673	59524
https://youtu.be/V6jPsQiqpIo	タンポポ「王子様と雪の夜」																	7351	11678	14103	15970	17729	19596	21318	22919	24822	26589	28531	30146	31501	32844	33926	35129	36306	37439	38517	39877	41254	42431	43496	44711	45806	46915	47976	48942
https://youtu.be/Hg9zGtAIDJg	ミニモニ。「ミニ。ストロベリ~パイ」																	4540	7006	8340	9552	10347	11267	11979	12533	13896	14741	15584	16318	16872	17416	17864	18308	18704	19208	19675	20070	20481	20824	21219	21602	21963	22333	22698	23013
https://youtu.be/ociNQAuNgso	ミニモニ。「CRAZY ABOUT YOU」																	13763	21337	25433	29101	31733	34776	37661	39565	42307	44596	46667	48476	50188	51752	53112	54429	55808	57108	58365	59632	60991	62228	63353	64441	65408	66330	67354	68459
https://youtu.be/ug1muJRFTMQ	プッチモニ「BABY! 恋に KNOCK OUT!」																	17548	29259	35691	41180	45388	52912	61753	68377	75990	82532	88948	94409	98846	103043	106829	109940	113317	116531	119704	123457	126662	129755	132714	135597	138922	141870	144300	146891
https://youtu.be/FoIVdOqpSmg	ミニモニ。「ラッキーチャチャチャ!」																	12284	19701	24229	28110	30953	33622	35842	37481	40233	42717	44749	47255	49063	50604	51923	53090	54380	55815	57188	58690	60154	61541	62662	63801	64781	65839	66845	67712
https://youtu.be/ois2ZtBSIwM	タンポポ「恋をしちゃいました!」																	20524	30835	35944	39936	43049	46518	49944	53604	58835	63885	69542	74311	78272	82244	86235	89954	93637	97297	101342	106460	111086	114830	118430	122334	125959	129218	132452	135511
https://youtu.be/09SM7BXYRnM	タンポポ「Motto」																	3638	5406	6198	6889	7498	8141	8627	9035	9550	9953	10437	10812	11105	11385	11647	11910	12183	12470	12768	13076	13402	13674	13895	14139	14347	14558	14762	14977
https://youtu.be/DUx6VNGoxUQ	音楽ガッタス「やったろうぜ!」																						9896	14495	16441	18689	20092	21122	21831	22360	22857	23226	23520	23832	24213	24564	24863	25190	25476	25760	26021	26262	26490	26681	26869
https://youtu.be/qFvwoIJwbPM	美勇伝「クレナイの季節」																						1590	2561	3116	3617	3933	4244	4494	4671	4844	4982	5098	5248	5428	5572	5693	5823	5938	6060	6174	6276	6351	6444	6516
https://youtu.be/4QrN8CGTwoA	美勇伝「カッチョイイゼ!JAPAN」																						3229	5032	5962	6880	7478	8116	8623	9044	9386	9691	9952	10248	10630	11347	12231	12892	13562	14129	14622	15052	15351	15702	16056
https://youtu.be/Kgw4FcR0Hpc	美勇伝「恋する♡エンジェル♡ハート」																						6101	8861	10161	11692	12675	13566	14296	14897	15444	15927	16363	16773	17411	18326	19137	19851	20499	21024	21474	21902	22240	22567	22864
https://youtu.be/ThJumvDVfjk	カントリー娘。に紺野と藤本モーニング娘。)「先輩 〜LOVE AGAIN〜」																						4728	6981	8396	9539	10408	11174	11789	12232	12575	12836	13115	13362	13621	13907	14179	14456	14704	14922	15127	15344	15522	15708	15860
https://youtu.be/v6K5wwNrEtI	美勇伝「ひとりじめ」																						1933	2938	3460	4163	4576	4929	5232	5454	5689	5841	5975	6131	6327	6513	6661	6803	6943	7065	7182	7283	7382	7488	7590
https://youtu.be/q-9VYO56-t8	美勇伝「なんにも言わずに I LOVE YOU」																						4029	5918	6894	7909	8507	9124	9510	9814	10055	10263	10450	10680	10970	11237	11444	11646	11832	11995	12119	12264	12395	12509	12591
https://youtu.be/aNi5rjy1RBY	カントリー娘。に紺野と藤本モーニング娘。)「シャイニング 愛しき貴方」																						6069	10415	12430	14182	15343	16543	17364	17917	18397	18773	19097	19438	19801	20184	20485	20795	21081	21345	21578	21843	22067	22302	22489
https://youtu.be/LUzMGhwg2HE	美勇伝「愛〜スイートルーム〜」																						2081	3187	3828	4466	4848	5198	5446	5657	5826	5994	6138	6292	6511	6679	6839	6976	7127	7229	7326	7424	7500	7586	7652
https://youtu.be/IJ8B5vzl1zg	音楽ガッタス「鳴り始めた恋のBELL」																						8439	14968	17527	19900	21397	22729	23767	24621	25387	25943	26466	26958	27530	28269	28970	29609	30136	30610	31055	31477	31886	32239	32561
https://youtu.be/CjpxAoX0A_E	美勇伝「一切合切 あなたに∮あ・げ・る♪」																						2142	3278	4053	4839	5306	5728	6055	6279	6509	6684	6843	7019	7268	7500	7698	7865	8030	8163	8276	8385	8482	8599	8687
https://youtu.be/AcdFCbGKAfg	美勇伝「恋のヌケガラ」																						4438	6584	7498	8577	9310	10021	10592	11005	11384	11696	11984	12246	12670	13113	13472	13776	14076	14356	14645	14992	15242	15505	15746
https://youtu.be/5JianPgBKoM	カントリー娘。に石川梨華モーニング娘。)「色っぽい女〜SEXY BABY〜」																						7089	10986	12720	14370	15588	16777	17684	18451	19098	19629	20091	20594	21090	21617	22101	22574	23008	23429	23833	24323	24660	25048	25415
https://youtu.be/DxFrey4OSb0	カントリー娘。「北海道シャララ」																						2814	3788	4183	4707	5035	5341	5595	5773	5923	6038	6133	6251	6371	6499	6611	6722	6820	6890	6968	7040	7083	7151	7208
https://youtu.be/DlK1u2YvnjA	美勇伝「じゃじゃ馬パラダイス」																						3505	5101	5912	6916	8693	11152	12137	12697	13197	13604	13976	14352	14815	15311	15720	16076	16497	16840	17089	17372	17632	17865	18080
https://youtu.be/qqaDQnw0HUw	ココナッツ娘。「情熱行き 未来船」																						5333	7341	8128	9031	9665	10350	10914	11350	11713	12053	12294	12549	14043	15011	15561	15984	16392	16698	16998	17289	17579	17855	18141
https://youtu.be/uWvzReQ6vIs	カントリー娘。に紺野と藤本モーニング娘。)「浮気なハニーパイ」																						27128	38085	42150	47250	51249	54584	57272	59608	61583	63280	64951	66502	68215	70491	72496	74163	75931	77790	79215	80809	82209	83579	85026
https://youtu.be/l_s7SrF3vgs	カントリー娘。「恋がステキな季節」																						2520	3480	3891	4381	4712	4987	5190	5349	5513	5657	5756	5895	6006	6140	6252	6345	6460	6545	6620	6703	6761	6842	6893
https://youtu.be/2hgyaMXUisc	カントリー娘。に石川梨華モーニング娘。)「初めてのハッピーバースディ!」																						9256	16824	19720	22337	23857	25268	26423	27348	28063	28674	29262	29861	30469	31127	31773	32362	32925	33470	33984	34524	35037	35498	35917
https://youtu.be/YZaicowYsO4	カントリー娘。に石川梨華モーニング娘。)「BYE BYE 最後の夜」																						3935	6892	8425	9712	10467	11087	11589	11969	12362	12625	12902	13183	13491	13783	14087	14391	14662	14929	15153	15418	15642	15839	16024
https://youtu.be/B_P9NYh8Mbs	カントリー娘。に石川梨華モーニング娘。)「恋人は心の応援団」																						6463	11171	13477	15487	16831	18039	18996	19656	20264	20709	21175	21625	22141	22586	23036	23491	23896	24270	24638	25002	25335	25622	25904
https://youtu.be/_FO-ODiMt7Y	美勇伝「愛すクリ~ムとMyプリン」																						10085	15419	17877	20494	22279	24053	25416	26417	27333	28125	28846	29507	30430	31460	32299	33044	33830	34540	35152	35737	36204	36710	37157
https://youtu.be/ErjDrXUkg5c	美勇伝「紫陽花アイ愛物語」																						4541	6943	8081	9609	10588	11410	12045	12560	13057	13423	13774	14131	14599	15152	15575	15982	16367	16715	17033	17343	17605	17866	18135
https://youtu.be/tTTfYl6c4yQ	前田有紀「西新宿で逢ったひと」																									420	633	787	909	1011	1104	1185	1264	1356	1409	1460	1509	1553	1586	1621	1669	1696	1731	1756	1781
https://youtu.be/9_IkPgX6s1I	Wダブルユー)「Missラブ探偵」																									16679	26024	31878	36939	41938	46002	49220	52057	54336	56561	58570	60558	62852	64977	66767	68384	70139	71575	72889	74349
https://youtu.be/JVDi3O0B0gY	前田有紀「東京きりぎりす」																									1838	2465	2827	3100	3302	3483	3651	3789	3901	4014	4197	4299	4385	4490	4573	4648	4733	4805	4870	4917
https://youtu.be/o4gyi3maNZ0	前田有紀「ケンチャナ ~大丈夫~」																									803	1179	1425	1614	1753	1885	1988	2061	2127	2205	2287	2345	2410	2453	2505	2540	2586	2624	2662	2694
https://youtu.be/NeOmHgngobA	前田有紀「お前の涙を俺にくれ」																									461	660	791	884	966	1050	1116	1194	1248	1311	1365	1400	1437	1473	1502	1539	1573	1599	1622	1637
https://youtu.be/swrLMViG8y4	Wダブルユー)「待つわ」																									3960	6316	8378	9933	11171	12274	13184	13937	14567	15154	15727	16218	16725	17357	17857	18326	18759	19203	19631	19983
https://youtu.be/PL6jc2BhOMA	Wダブルユー)「愛の意味を教えて!」																									5762	9199	11526	13471	15015	16381	17357	18274	19039	19764	20493	21123	21731	22372	22892	23388	23864	24325	24771	25178
https://youtu.be/15Lyxlgg0KM	MilkyWay「アナタボシ」																									43542	62956	77126	92742	107891	122907	135781	148293	159090	171051	180307	188817	197861	206069	213340	219633	226069	232236	237964	243726
https://youtu.be/LrkmjJ-Y6nQ	月島きらり																									15091	19822	23112	25600	27970	30082	31867	33476	35004	36450	37474	38490	39504	40390	41203	41926	42699	43353	43981	44505
https://youtu.be/W_08zJfchxg	MilkyWay「タンタンターン!」																									22271	30976	36607	41336	45480	49779	52690	55387	57897	60786	62995	64876	67045	68734	70166	71630	73069	74556	75900	77164
https://youtu.be/ROXh0jEbst8	月島きらり																									25457	36891	44028	49211	53747	58442	62328	65772	68570	71400	73722	75798	77992	79925	81652	83096	84477	85810	87032	88262
https://youtu.be/W7S57nO8XAA	きら☆ぴか「ふたりはNS」																									16196	21497	24502	26763	28762	30846	32278	33511	34654	35717	36553	37327	38232	38935	39558	40122	40736	41299	41842	42319
https://youtu.be/AfDU1b8-yGw	平家みちよ「ムラサキシキブ」																									3898	5697	6851	7625	8384	9053	9727	10345	10924	11494	12147	12737	13212	13573	13886	14167	14492	14818	15109	15353
https://youtu.be/HgMjDXG668Q	前田有紀「さらさらの川」																									443	708	899	1020	1146	1259	1356	1405	1455	1516	1561	1600	1638	1679	1727	1752	1782	1806	1834	1854
https://youtu.be/fvyeVyERITg	Wダブルユー)「恋のバカンス」																									10819	16964	21458	26813	31010	35320	40139	43886	47118	50359	53008	55486	57957	60219	62089	63640	65104	66659	68245	69900
https://youtu.be/g7TTZGgNfaI	前田有紀「相愛太鼓」																									392	612	774	893	1059	1231	1361	1455	1542	1605	1671	1717	1759	1791	1834	1868	1904	1926	1952	1969
https://youtu.be/9nfWW9yRSdk	ハロプロ研修生「おへその国からこんにちは」																									36386	55486	64711	73262	78942	83883	87441	90630	94137	97225	99759	102124	104788	106858	108899	110661	112567	114245	115828	117266
https://youtu.be/QMKYDWkVMBo	Wダブルユー)「白い色は恋人の色」																									2415	3937	5023	5804	6501	7102	7547	7847	8121	8400	8713	9045	9376	9650	9899	10130	10327	10541	10731	10906
https://youtu.be/2BCj9si3FlM	Wダブルユー)「ロボキッス」																									46759	71163	102520	130577	146215	161725	176657	184142	189387	194377	198012	201588	206171	210830	215019	218562	222089	225192	227896	230949
https://youtu.be/JnIdkTnjCDs	平家みちよ「プロポーズ」																									2646	3681	4375	4854	5220	5591	5934	6265	6483	6718	7023	7266	7441	7646	7814	7958	8154	8289	8416	8524
https://youtu.be/2aGhK1IxnHo	Wダブルユー)「サウスポー」																									4550	7745	11101	13705	15163	16568	17645	18488	19131	19836	20858	22054	23238	24514	25430	26222	27033	27781	28542	29454
https://youtu.be/V_Zj7TVusl8	きら☆ぴか「はなをぷーん」																									15801	20615	23621	25867	28051	29998	31508	32827	33985	35232	36118	36907	37867	38620	39240	39782	40417	40975	41475	41950
https://youtu.be/SzitXKbqvmQ	月島きらり																									65950	98690	126735	156632	185063	216859	239423	260530	276859	292850	303876	313419	325312	333866	342991	350790	358019	364568	370190	376340
https://youtu.be/jq9WQIJwQmE	月島きらり																									18775	25124	29088	32292	35191	37736	40023	41944	43876	45657	47062	48375	49786	50914	52027	53020	53939	54858	55674	56476
https://youtu.be/YSd9dUs5foc	Wダブルユー)「恋のフーガ」																									4726	7514	9246	10953	13017	14535	15812	16738	17516	18201	18834	19401	20004	20542	21029	21442	21842	22248	22631	22975
https://youtu.be/CJq5XbhANHQ	Wダブルユー)「あぁ いいな!」																									8179	12777	15997	18619	20367	22165	23713	25084	26094	27026	27774	28587	29388	30141	30854	31422	31939	32466	32948	33399
https://youtu.be/3cvKkRQlwf0	Wダブルユー)「淋しい熱帯魚」																									6904	11185	15041	17311	19038	20706	21879	22863	23594	24364	25046	25807	26532	27345	27949	28588	29198	29726	30247	30726
https://youtu.be/IDvP5wIA5_w	前田有紀「釜山発」																									671	1027	1250	1478	1632	1793	1959	2056	2146	2248	2346	2427	2510	2575	2638	2711	2784	2844	2927	2981
https://youtu.be/xiQqcSwgENM	前田有紀「ミアネヨ ~ごめんなさい~」																									652	985	1198	1350	1485	1598	1707	1812	1885	1961	2034	2092	2151	2198	2246	2291	2339	2388	2415	2442
https://youtu.be/ExYhbwY_Vcs	月島きらり																									35340	50457	60364	69238	77759	85807	92317	98688	104059	109732	114045	118177	122641	126504	130133	133360	136482	139347	142219	145079
