index	タイトル	2023-08-16	2023-08-17	2023-08-18	2023-08-19	2023-08-20	2023-08-21	2023-08-22	2023-08-23	2023-08-24	2023-08-25	2023-08-26	2023-08-27	2023-08-28	2023-08-29	2023-08-30	2023-08-31	2023-09-01	2023-09-02	2023-09-03	2023-09-04	2023-09-05	2023-09-06	2023-09-07	2023-09-08	2023-09-09	2023-09-10	2023-09-11	2023-09-12	2023-09-13	2023-09-14	2023-09-15	2023-09-16	2023-09-17	2023-09-18	2023-09-19	2023-09-20	2023-09-21	2023-09-22	2023-09-23	2023-09-24	2023-09-25	2023-09-26	2023-09-27	2023-09-28	2023-09-29	2023-09-30	2023-10-01	2023-10-02	2023-10-03	2023-10-04	2023-10-05	2023-10-06	2023-10-07	2023-10-08	2023-10-09	2023-10-10	2023-10-11	2023-10-12	2023-10-13	2023-10-14	2023-10-15	2023-10-16	2023-10-17	2023-10-18	2023-10-19	2023-10-20	2023-10-21	2023-10-22	2023-10-23	2023-10-24	2023-10-25	2023-10-26	2023-10-27	2023-10-28	2023-10-29	2023-10-30	2023-10-31	2023-11-01	2023-11-02	2023-11-03	2023-11-04	2023-11-05	2023-11-06	2023-11-07	2023-11-08	2023-11-09	2023-11-10	2023-11-11	2023-11-12	2023-11-13	2023-11-14	2023-11-15	2023-11-16	2023-11-17	2023-11-18	2023-11-19	2023-11-20	2023-11-21	2023-11-22	2023-11-23	2023-11-24	2023-11-25	2023-11-26	2023-11-27	2023-11-28	2023-11-29	2023-11-30	2023-12-01	2023-12-02	2023-12-03	2023-12-04	2023-12-05	2023-12-06	2023-12-07	2023-12-08	2023-12-09	2023-12-10	2023-12-11	2023-12-12	2023-12-13	2023-12-14	2023-12-15	2023-12-16	2023-12-17	2023-12-18	2023-12-19	2023-12-20	2023-12-21	2023-12-22	2023-12-23	2023-12-24	2023-12-25	2023-12-26	2023-12-27	2023-12-28	2023-12-29	2023-12-30	2023-12-31	2024-01-01	2024-01-02	2024-01-03	2024-01-04	2024-01-05	2024-01-06	2024-01-07	2024-01-08	2024-01-09	2024-01-10	2024-01-11	2024-01-12	2024-01-13	2024-01-14	2024-01-15	2024-01-16	2024-01-17	2024-01-18	2024-01-19	2024-01-20	2024-01-21	2024-01-22	2024-01-23	2024-01-24	2024-01-25	2024-01-26	2024-01-27	2024-01-28	2024-01-29	2024-01-30	2024-01-31	2024-02-01	2024-02-02	2024-02-03	2024-02-04	2024-02-05	2024-02-06	2024-02-07	2024-02-08	2024-02-09	2024-02-10	2024-02-11	2024-02-12	2024-02-13	2024-02-14	2024-02-15	2024-02-16	2024-02-17	2024-02-18	2024-02-19	2024-02-20	2024-02-21	2024-02-22	2024-02-23	2024-02-24	2024-02-25	2024-02-26	2024-02-27	2024-02-28	2024-02-29	2024-03-01	2024-03-02	2024-03-03	2024-03-04	2024-03-05	2024-03-06	2024-03-07	2024-03-08	2024-03-09	2024-03-10	2024-03-11	2024-03-12	2024-03-13	2024-03-14	2024-03-15	2024-03-16	2024-03-17	2024-03-18	2024-03-19	2024-03-20	2024-03-21	2024-03-22	2024-03-23	2024-03-24	2024-03-25	2024-03-26	2024-03-27	2024-03-28	2024-03-30	2024-03-31	2024-04-01	2024-04-02	2024-04-03	2024-04-04	2024-04-05	2024-04-06	2024-04-07	2024-04-08	2024-04-09	2024-04-10	2024-04-11	2024-04-12	2024-04-13	2024-04-14	2024-04-15	2024-04-16	2024-04-17	2024-04-18	2024-04-19	2024-04-20	2024-04-21	2024-04-22	2024-04-23	2024-04-24	2024-04-25	2024-04-26	2024-04-27	2024-04-28	2024-04-29	2024-04-30	2024-05-01	2024-05-02	2024-05-03	2024-05-04	2024-05-05	2024-05-06	2024-05-07	2024-05-08	2024-05-09	2024-05-10	2024-05-11	2024-05-12	2024-05-13	2024-05-14	2024-05-15	2024-05-16	2024-05-17	2024-05-18	2024-05-19	2024-05-20	2024-05-21	2024-05-22	2024-05-23	2024-05-24	2024-05-25	2024-05-26	2024-05-27	2024-05-28	2024-05-29	2024-05-30	2024-05-31	2024-06-01	2024-06-02	2024-06-03	2024-06-04	2024-06-05	2024-06-06	2024-06-07	2024-06-08	2024-06-09	2024-06-10	2024-06-11	2024-06-12	2024-06-13	2024-06-14	2024-06-15	2024-06-16	2024-06-17	2024-06-18	2024-06-19	2024-06-20	2024-06-21	2024-06-22	2024-06-23	2024-06-24	2024-06-25	2024-06-26	2024-06-27	2024-06-28	2024-06-29	2024-06-30	2024-07-01	2024-07-02	2024-07-03	2024-07-04	2024-07-05	2024-07-06	2024-07-07	2024-07-08	2024-07-09	2024-07-10	2024-07-11	2024-07-12	2024-07-13	2024-07-14	2024-07-15	2024-07-16	2024-07-17	2024-07-18	2024-07-19	2024-07-20	2024-07-21	2024-07-22	2024-07-23	2024-07-24	2024-07-25	2024-07-26	2024-07-27	2024-07-28	2024-07-29	2024-07-30	2024-07-31	2024-08-01	2024-08-02	2024-08-03	2024-08-04	2024-08-05	2024-08-06	2024-08-07	2024-08-08	2024-08-09	2024-08-10	2024-08-11	2024-08-12	2024-08-13	2024-08-14	2024-08-16	2024-08-17	2024-08-18	2024-08-19	2024-08-20	2024-08-21	2024-08-22	2024-08-23	2024-08-24	2024-08-25	2024-08-26	2024-08-27	2024-08-28	2024-08-29	2024-08-30	2024-08-31	2024-09-01	2024-09-02	2024-09-03	2024-09-04	2024-09-05	2024-09-06	2024-09-07	2024-09-08	2024-09-09	2024-09-10	2024-09-11	2024-09-12	2024-09-13	2024-09-14	2024-09-15	2024-09-16	2024-09-17	2024-09-18	2024-09-19	2024-09-20	2024-09-21	2024-09-22	2024-09-23	2024-09-24	2024-09-25	2024-09-26	2024-09-27	2024-09-28	2024-09-29	2024-09-30	2024-10-01	2024-10-02	2024-10-03	2024-10-04	2024-10-05	2024-10-06	2024-10-07	2024-10-08	2024-10-09	2024-10-10	2024-10-11	2024-10-12	2024-10-13	2024-10-14	2024-10-15	2024-10-16	2024-10-17	2024-10-18	2024-10-19	2024-10-20	2024-10-21	2024-10-22	2024-10-23	2024-10-24	2024-10-25	2024-10-26	2024-10-27	2024-10-28	2024-10-29	2024-10-30	2024-10-31	2024-11-01	2024-11-02	2024-11-03	2024-11-04	2024-11-05	2024-11-06	2024-11-07	2024-11-08	2024-11-09	2024-11-10	2024-11-11	2024-11-12	2024-11-13	2024-11-14	2024-11-15	2024-11-16	2024-11-17	2024-11-18	2024-11-19	2024-11-20	2024-11-21	2024-11-22	2024-11-23	2024-11-24	2024-11-25	2024-11-26	2024-11-27	2024-11-28	2024-11-29	2024-11-30	2024-12-01	2024-12-02	2024-12-03	2024-12-04	2024-12-05	2024-12-06	2024-12-07	2024-12-08	2024-12-09	2024-12-10	2024-12-11	2024-12-12	2024-12-13	2024-12-14	2024-12-15	2024-12-16	2024-12-17	2024-12-18	2024-12-19	2024-12-20	2024-12-21	2024-12-22	2024-12-23	2024-12-24	2024-12-25	2024-12-26	2024-12-27	2024-12-28	2024-12-29	2024-12-30	2024-12-31	2025-01-01	2025-01-02	2025-01-03	2025-01-04	2025-01-05	2025-01-06	2025-01-07	2025-01-08	2025-01-09	2025-01-10	2025-01-11	2025-01-12	2025-01-13	2025-01-14	2025-01-15	2025-01-16	2025-01-17	2025-01-18	2025-01-19	2025-01-20	2025-01-21	2025-01-22	2025-01-23	2025-01-24	2025-01-25	2025-01-26	2025-01-27	2025-01-28	2025-01-29	2025-01-30	2025-01-31	2025-02-01	2025-02-02	2025-02-03	2025-02-04	2025-02-06	2025-02-07	2025-02-08	2025-02-09	2025-02-10	2025-02-11	2025-02-12
https://youtu.be/u4gTyIOcJNc	二人暮し : 中澤裕子	888	1426	1673	1917	2093	2240	2417	2464	2584	2726	2828	2945	3020	3103	3184	3251	3316	3375	3459	3506	3552	3607	3658	3702	3752	3802	3884	3967	4023	4082	4132	4176	4251	4310	4396	4467	4534	4611	4658	4715	4745	4765	4789	4811	4852	4895	4941	4973	5002	5035	5064	5094	5119	5145	5168	5204	5229	5265	5298	5319	5343	5372	5401	5424	5443	5471	5496	5524	5539	5565	5588	5605	5629	5641	5656	5671	5687	5705	5725	5743	5768	5784	5800	5813	5830	5848	5866	5890	5912	5929	5944	5961	5977	6000	6018	6038	6056	6070	6081	6103	6123	6140	6157	6173	6189	6198	6218	6247	6265	6292	6316	6336	6359	6397	6416	6442	6477	6486	6510	6531	6557	6585	6605	6639	6660	6691	6706	6725	6743	6760	6785	6805	6820	6836	6872	6911	6930	6937	6954	6964	6984	7007	7025	7035	7053	7074	7090	7110	7113	7132	7151	7179	7200	7214	7231	7251	7273	7300	7320	7338	7346	7373	7397	7419	7438	7460	7478	7499	7522	7537	7549	7561	7584	7596	7609	7626	7640	7659	7675	7691	7709	7724	7752	7763	7776	7793	7813	7823	7832	7845	7858	7881	7899	7911	7928	7946	7959	7975	7996	8006	8020	8036	8051	8064	8082	8091	8107	8125	8139	8150	8165	8175	8182	8204	8227	8247	8258	8281	8299	8309	8327	8347	8366	8385	8404	8418	8443	8459	8473	8485	8505	8516	8529	8548	8567	8572	8593	8613	8633	8648	8661	8682	8692	8706	8715	8718	8731	8750	8772	8789	8795	8808	8822	8846	8857	8878	8891	8903	8920	8932	8948	8973	8995	9017	9037	9052	9064	9076	9094	9110	9127	9146	9158	9174	9192	9208	9237	9257	9279	9296	9329	9350	9364	9389	9407	9421	9447	9466	9478	9507	9523	9530	9548	9569	9588	9610	9631	9653	9670	9690	9710	9738	9758	9796	9826	9846	9881	9903	9937	9963	9982	10014	10036	10062	10083	10099	10124	10141	10175	10191	10206	10231	10251	10265	10290	10314	10340	10368	10386	10400	10416	10433	10453	10471	10485	10495	10511	10526	10545	10574	10592	10611	10627	10646	10660	10680	10707	10726	10736	10752	10771	10783	10802	10819	10841	10852	10869	10880	10894	10908	10927	10938	10962	10975	11003	11013	11035	11042	11056	11077	11085	11106	11120	11140	11156	11174	11192	11208	11223	11236	11249	11259	11267	11289	11304	11322	11363	11394	11409	11431	11447	11465	11489	11504	11527	11549	11564	11573	11584	11591	11606	11628	11646	11671	11686	11698	11708	11731	11752	11773	11782	11790	11799	11813	11829	11853	11867	11871	11881	11888	11902	11915	11938	11961	11973	11984	12009	12023	12045	12063	12076	12085	12107	12126	12145	12196	12205	12216	12227	12240	12261	12272	12293	12309	12337	12351	12365	12389	12409	12422	12438	12459	12466	12481	12496	12507	12525	12546	12565	12588	12602	12619	12631	12642	12658	12669	12677	12692	12700	12718	12737	12760	12782	12791	12802	12822	12838	12862	12883	12903	12925	12943	12958	12973	12995	13012	13034	13052	13069	13085	13098	13117	13137	13161	13191	13227	13255	13300	13350	13391	13435	13467	13495	13519	13552	13580	13612	13643	13668	13689	13711	13751	13816	13874	13908	13943	13966	13988	14027	14045	14076	14106	14130	14165	14186	14207	14225	14257	14266	14283	14306	14325	14344	14366	14392	14412	14433	14476	14495	14518	14550	14569	14585	14601
https://youtu.be/dyX4zZMgZcU	悔し涙 ぽろり : 中澤ゆうこ	3741	6099	7360	8737	10067	11152	12119	12313	12883	13415	13808	14161	14439	14762	15061	15306	15718	16074	16406	16667	16880	17065	17244	17409	17583	17782	18651	20166	21212	21907	22456	22906	23301	23646	23973	24305	24599	24937	25208	25513	25761	25975	26178	26390	26588	26814	26999	27164	27351	27532	27731	27979	28276	28506	28740	28950	29126	29295	29485	29652	29840	30022	30184	30308	30467	30643	30796	30969	31088	31223	31351	31475	31589	31712	31851	31992	32123	32229	32344	32466	32593	32704	32793	32898	32972	33122	33268	33394	33519	33649	33752	33825	33929	34035	34139	34243	34327	34422	34528	34619	34715	34801	34922	35009	35109	35191	35282	35376	35444	35530	35617	35698	35795	35887	35975	36065	36164	36256	36348	36437	36547	36640	36733	36841	36945	37029	37105	37173	37284	37395	37502	37614	37723	37823	37922	37994	38082	38184	38246	38307	38366	38454	38524	38598	38685	38744	38820	38885	38959	39022	39114	39204	39260	39351	39437	39503	39571	39655	39748	39842	39946	40047	40122	40202	40303	40383	40497	40577	40647	40705	40759	40834	40920	40997	41067	41139	41222	41304	41384	41489	41580	41666	41755	41829	41927	42020	42122	42211	42301	42370	42474	42593	42691	42777	42853	42947	43052	43148	43241	43334	43426	43564	43662	43756	43861	43943	44044	44144	44230	44298	44402	44495	44601	44682	44795	44889	44987	45072	45147	45241	45318	45401	45486	45583	45653	45728	45886	45987	46064	46137	46219	46312	46383	46462	46536	46609	46677	46783	46881	46958	47028	47117	47207	47304	47391	47478	47568	47654	47734	47818	47890	47974	48034	48095	48154	48242	48317	48397	48450	48505	48562	48651	48731	48806	48868	48981	49069	49147	49317	49454	49540	49628	49712	49785	49889	49993	50118	50238	50346	50450	50549	50625	50729	50835	50919	50999	51076	51158	51226	51304	51407	51503	51580	51658	51729	51842	51949	52046	52138	52209	52289	52373	52460	52557	52671	52748	52829	52897	52989	53101	53196	53308	53427	53519	53618	53716	53836	53974	54129	54248	54381	54530	54663	54810	54924	55032	55119	55241	55381	55489	55619	55744	55840	55935	56002	56086	56176	56248	56356	56450	56535	56607	56721	56824	56941	57049	57158	57262	57348	57466	57546	57639	57740	57836	57940	58004	58079	58166	58242	58332	58402	58482	58563	58633	58813	58912	58996	59088	59169	59268	59362	59462	59550	59649	59767	59866	59990	60091	60204	60348	60464	60585	60684	60790	60913	61018	61168	61326	61452	61619	61742	61839	62035	62239	62413	62552	62655	62769	62877	62996	63114	63227	63349	63431	63524	63621	63743	63869	63978	64102	64187	64284	64393	64502	64593	64687	64787	64865	64966	65034	65123	65204	65302	65381	65451	65542	65637	65721	65825	65926	65988	66059	66139	66221	66296	66386	66469	66539	66619	66695	66774	66841	66909	67000	67104	67180	67245	67321	67402	67472	67546	67626	67700	67769	67813	67884	67974	68055	68158	68249	68325	68402	68483	68566	68664	68741	68804	68876	68957	69032	69112	69190	69257	69317	69389	69457	69529	69607	69688	69752	69814	69867	69945	70015	70089	70152	70225	70302	70374	70455	70530	70603	70693	70771	70849	70917	71016	71133	71256	71374	71465	71554	71641	71726	71800	71884	71962	72050	72148	72251	72337	72451	72596	72762	72891	72988	73088	73179	73290	73381	73486	73588	73677	73764	73837	73926	74014	74109	74185	74250	74335	74409	74477	74567	74672	74769	74847	75047	75120	75222	75321	75416	75528	75596
https://youtu.be/acC5jgRk6Zs	上海の風 : 中澤ゆうこ	1659	2914	3765	4928	5918	6567	6949	7016	7239	7458	7619	7771	7890	8028	8144	8238	8357	8467	8573	8674	8744	8836	8916	8968	9052	9124	9275	9425	9546	9632	9695	9763	9835	9877	9939	9989	10049	10127	10171	10239	10290	10334	10371	10406	10465	10513	10547	10584	10627	10659	10690	10728	10760	10785	10819	10855	10906	10932	10958	11003	11040	11075	11095	11118	11153	11180	11207	11242	11276	11316	11357	11387	11425	11465	11497	11527	11555	11583	11607	11627	11653	11690	11715	11748	11769	11798	11816	11841	11861	11880	11897	11920	11953	11975	11999	12022	12045	12065	12085	12099	12134	12156	12170	12198	12217	12228	12247	12277	12293	12317	12333	12356	12383	12412	12436	12451	12480	12516	12546	12573	12611	12643	12681	12715	12734	12761	12779	12801	12830	12850	12886	12901	12925	12939	12966	12979	12997	13021	13040	13051	13071	13088	13096	13104	13124	13140	13158	13176	13197	13213	13243	13266	13294	13316	13338	13360	13384	13409	13439	13467	13495	13520	13536	13565	13587	13617	13648	13667	13689	13716	13730	13751	13770	13785	13802	13825	13855	13879	13902	13921	13951	13985	14048	14085	14104	14144	14159	14178	14198	14216	14238	14265	14293	14313	14333	14358	14383	14397	14424	14440	14455	14477	14507	14533	14552	14573	14587	14608	14626	14647	14671	14689	14705	14725	14751	14778	14809	14835	14858	14874	14894	14922	14945	14978	14998	15024	15057	15090	15110	15137	15155	15179	15209	15233	15246	15276	15298	15325	15351	15368	15386	15404	15419	15440	15456	15477	15498	15521	15546	15568	15588	15628	15659	15679	15706	15727	15749	15769	15783	15799	15827	15848	15875	15890	15919	15953	15972	15988	16008	16021	16037	16050	16068	16085	16109	16131	16168	16196	16216	16244	16275	16299	16333	16389	16433	16459	16492	16522	16542	16569	16602	16634	16660	16693	16719	16750	16789	16816	16842	16869	16896	16930	16968	17020	17060	17093	17114	17141	17177	17209	17231	17273	17298	17318	17346	17380	17412	17441	17476	17504	17533	17553	17582	17607	17639	17678	17717	17743	17776	17795	17820	17849	17878	17904	17931	17960	17988	18015	18051	18092	18117	18130	18166	18185	18211	18230	18261	18282	18301	18335	18364	18379	18400	18425	18450	18473	18493	18516	18534	18559	18582	18601	18627	18654	18698	18729	18761	18782	18796	18828	18856	18889	18917	18952	18985	19010	19040	19063	19093	19124	19161	19174	19199	19230	19263	19278	19338	19384	19421	19450	19481	19511	19544	19579	19617	19650	19686	19716	19747	19777	19801	19823	19849	19881	19905	19930	19962	19990	20023	20041	20058	20072	20091	20117	20150	20188	20207	20222	20244	20268	20287	20306	20339	20390	20409	20427	20449	20472	20504	20549	20575	20599	20625	20642	20664	20684	20707	20725	20746	20778	20797	20826	20849	20868	20893	20919	20943	20972	20994	21013	21037	21048	21064	21089	21110	21137	21155	21189	21222	21244	21261	21292	21314	21340	21363	21406	21433	21461	21488	21516	21541	21566	21598	21612	21632	21653	21689	21720	21745	21772	21796	21822	21845	21863	21890	21912	21929	21947	21974	21991	22008	22034	22060	22081	22094	22115	22132	22151	22166	22185	22200	22216	22228	22246	22262	22284	22306	22326	22340	22356	22376	22393	22414	22438	22464	22490	22506	22525	22565	22584	22612	22632	22649	22675	22687	22713	22732	22756	22769	22779	22816	22841	22864	22881	22918	22941	22965	23012	23042	23068	23107	23149	23174	23196
https://youtu.be/LBrZ7CSFgpo	GET ALONG WITH YOU : 中澤裕子	740	1115	1299	1504	1642	1782	1964	2001	2107	2190	2263	2331	2398	2455	2515	2570	2631	2694	2762	2815	2851	2898	2935	2966	3010	3041	3112	3164	3204	3245	3281	3320	3348	3381	3414	3442	3458	3481	3505	3533	3553	3575	3590	3599	3617	3648	3666	3686	3705	3712	3724	3735	3750	3765	3779	3801	3820	3835	3850	3866	3877	3891	3906	3913	3922	3933	3942	3956	3967	3974	3988	3996	4007	4011	4018	4025	4039	4060	4074	4080	4092	4103	4116	4128	4140	4147	4158	4169	4183	4195	4200	4208	4213	4219	4226	4239	4252	4255	4268	4279	4294	4307	4316	4334	4342	4351	4362	4369	4374	4385	4382	4408	4422	4452	4469	4488	4504	4527	4549	4581	4603	4624	4654	4683	4702	4717	4730	4742	4752	4767	4776	4783	4792	4802	4814	4826	4839	4852	4866	4873	4882	4890	4899	4903	4922	4929	4934	4939	4943	4953	4964	4985	4995	5003	5018	5024	5038	5055	5075	5084	5097	5104	5109	5118	5125	5140	5152	5163	5172	5186	5197	5211	5224	5234	5246	5255	5261	5262	5269	5284	5300	5314	5328	5337	5349	5363	5375	5386	5399	5411	5422	5430	5447	5457	5465	5477	5490	5491	5505	5510	5522	5533	5541	5551	5566	5581	5593	5603	5613	5621	5628	5631	5638	5649	5660	5669	5686	5695	5703	5708	5716	5725	5740	5748	5755	5765	5770	5772	5783	5794	5804	5810	5821	5829	5835	5838	5843	5854	5868	5879	5885	5892	5900	5911	5918	5925	5939	5947	5952	5964	5974	5982	5991	6000	6011	6026	6033	6039	6047	6052	6063	6080	6097	6112	6118	6126	6140	6145	6157	6166	6169	6177	6190	6199	6210	6217	6226	6236	6246	6259	6273	6279	6289	6301	6304	6311	6323	6325	6331	6341	6350	6353	6361	6373	6382	6395	6409	6421	6434	6442	6453	6465	6476	6482	6497	6511	6519	6536	6553	6574	6599	6623	6627	6638	6650	6658	6666	6676	6692	6708	6721	6730	6739	6746	6756	6770	6777	6786	6796	6812	6835	6853	6863	6873	6882	6886	6895	6904	6918	6928	6943	6950	6961	6969	6978	6992	7000	7007	7013	7020	7029	7036	7048	7059	7068	7082	7091	7099	7112	7124	7138	7146	7157	7166	7189	7198	7210	7221	7232	7250	7264	7271	7285	7303	7315	7322	7337	7349	7361	7369	7378	7386	7391	7405	7420	7427	7451	7466	7471	7537	7557	7573	7588	7605	7626	7642	7649	7657	7664	7669	7676	7686	7698	7709	7718	7726	7741	7752	7770	7782	7789	7797	7803	7810	7814	7826	7833	7839	7851	7856	7866	7873	7884	7903	7910	7919	7930	7947	7966	7978	7985	7996	8007	8012	8022	8028	8037	8043	8052	8058	8065	8068	8080	8097	8116	8125	8137	8144	8152	8161	8168	8170	8176	8190	8197	8210	8223	8229	8239	8257	8262	8269	8277	8287	8296	8303	8308	8324	8334	8349	8357	8362	8372	8390	8398	8404	8414	8427	8437	8444	8451	8461	8469	8472	8489	8497	8505	8515	8527	8534	8543	8558	8571	8583	8594	8599	8610	8619	8634	8649	8659	8674	8683	8693	8699	8717	8744	8755	8763	8772	8777	8781	8795	8800	8812	8818	8822	8830	8845	8851	8863	8868	8875	8883	8890	8898	8912	8917	8925	8927	8939	8946	8953	8964	8973	8981	8990	9008	9021	9040	9089	9111	9131	9144
https://youtu.be/Y2rT2_PE70c	東京美人 : 中澤裕子	1189	1786	2111	2500	2752	3004	3307	3409	3621	3796	3945	4061	4182	4306	4408	4506	4616	4721	4823	4913	4978	5048	5113	5163	5216	5288	5396	5495	5590	5688	5765	5832	5894	5948	6016	6071	6126	6176	6215	6254	6291	6318	6349	6384	6426	6462	6493	6538	6575	6608	6647	6684	6716	6745	6778	6815	6853	6883	6913	6948	6982	7009	7033	7057	7088	7127	7171	7208	7238	7256	7280	7313	7336	7355	7378	7411	7430	7454	7480	7504	7537	7572	7591	7617	7635	7661	7681	7718	7746	7772	7788	7803	7823	7851	7870	7899	7933	7951	7971	7999	8032	8069	8090	8118	8143	8168	8192	8213	8227	8253	8281	8331	8366	8404	8445	8469	8503	8534	8568	8605	8650	8679	8723	8780	8816	8850	8875	8893	8918	8932	8959	8991	9029	9059	9089	9133	9156	9190	9214	9236	9251	9267	9294	9318	9355	9373	9392	9414	9424	9451	9503	9539	9565	9584	9606	9623	9645	9674	9705	9726	9740	9762	9778	9809	9830	9854	9886	9904	9930	9956	9978	9995	10014	10039	10057	10082	10099	10123	10149	10170	10195	10217	10248	10271	10299	10336	10357	10381	10401	10415	10446	10479	10507	10528	10551	10570	10589	10603	10625	10642	10659	10689	10715	10743	10777	10786	10809	10822	10837	10850	10874	10890	10909	10934	10951	10978	10999	11011	11020	11035	11053	11074	11106	11127	11158	11180	11208	11232	11246	11268	11287	11322	11343	11374	11388	11409	11423	11444	11474	11499	11521	11546	11569	11602	11625	11644	11664	11683	11698	11718	11735	11760	11774	11790	11808	11835	11851	11866	11883	11898	11923	11958	11976	11986	12009	12021	12044	12058	12073	12097	12118	12141	12154	12171	12197	12215	12248	12272	12298	12327	12354	12371	12385	12413	12432	12456	12485	12508	12521	12543	12575	12597	12626	12657	12673	12701	12719	12748	12782	12801	12823	12838	12861	12896	12919	12954	12979	13002	13020	13044	13059	13086	13112	13138	13165	13191	13213	13240	13269	13293	13318	13352	13380	13418	13445	13476	13499	13520	13542	13566	13591	13612	13633	13659	13673	13701	13725	13751	13785	13822	13840	13864	13891	13910	13930	13950	13975	13993	14018	14042	14070	14087	14112	14142	14165	14182	14205	14232	14255	14284	14301	14317	14350	14384	14433	14465	14491	14510	14529	14553	14577	14607	14634	14662	14694	14722	14740	14766	14785	14798	14820	14834	14851	14880	14913	14928	14965	14990	15012	15041	15058	15090	15114	15146	15178	15206	15235	15260	15294	15313	15341	15379	15401	15419	15446	15469	15497	15531	15553	15573	15597	15624	15650	15671	15689	15713	15733	15752	15784	15806	15828	15858	15879	15907	15941	15967	15996	16034	16060	16083	16102	16124	16158	16181	16200	16215	16235	16260	16281	16306	16320	16340	16367	16391	16419	16444	16470	16490	16521	16544	16558	16581	16600	16633	16653	16675	16696	16724	16747	16772	16793	16813	16837	16860	16892	16916	16937	16948	16965	16989	17006	17019	17039	17054	17066	17093	17114	17139	17158	17182	17193	17214	17242	17259	17284	17301	17322	17338	17354	17375	17401	17434	17456	17482	17498	17513	17534	17560	17579	17603	17628	17647	17666	17681	17704	17735	17754	17772	17788	17805	17816	17832	17852	17871	17885	17897	17913	17928	17946	17969	18004	18036	18065	18079	18100	18119	18144	18163	18174	18188	18212	18223	18236	18253	18273	18306	18334	18369	18391	18409	18432	18455	18476	18510
https://youtu.be/HRHTI9Zu96o	お台場ムーンライトセレナーデ : 中澤ゆうこ,高山厳	750	1142	1336	1544	1735	1924	2122	2153	2275	2373	2456	2526	2571	2641	2724	2785	2872	2948	3032	3090	3131	3190	3230	3286	3343	3377	3426	3493	3556	3612	3658	3715	3753	3788	3831	3869	3920	3958	3987	4023	4052	4088	4131	4155	4181	4214	4238	4270	4304	4340	4369	4407	4436	4460	4496	4523	4563	4595	4616	4640	4672	4709	4746	4777	4814	4850	4882	4911	4931	4952	4974	5004	5036	5061	5074	5091	5114	5153	5172	5191	5219	5246	5273	5295	5331	5381	5411	5446	5493	5530	5560	5589	5615	5650	5678	5737	5778	5812	5892	5945	5978	6015	6051	6092	6125	6163	6205	6235	6258	6297	6334	6373	6425	6461	6551	6627	6669	6721	6764	6810	6855	6882	6930	6978	7018	7061	7128	7171	7194	7251	7261	7285	7322	7348	7382	7410	7437	7463	7510	7534	7559	7582	7598	7619	7658	7698	7754	7804	7836	7867	7899	7930	7971	8000	8031	8057	8097	8136	8179	8215	8249	8279	8292	8324	8364	8402	8455	8542	8650	8762	8853	8937	8990	9039	9104	9168	9222	9267	9313	9363	9403	9453	9519	9559	9600	9648	9688	9726	9774	9829	9874	9911	9966	10003	10049	10108	10154	10213	10261	10308	10369	10400	10444	10500	10542	10625	10661	10690	10688	10729	10773	10819	10862	10902	10945	10979	11018	11071	11101	11129	11170	11207	11242	11267	11305	11350	11431	11458	11502	11546	11593	11628	11654	11685	11715	11745	11778	11808	11843	11876	11914	11961	11996	12060	12113	12152	12209	12271	12309	12344	12372	12405	12447	12482	12509	12546	12570	12598	12615	12647	12679	12713	12766	12792	12817	12848	12874	12891	12916	12936	12956	12967	13004	13042	13064	13112	13145	13178	13214	13253	13284	13307	13343	13377	13408	13447	13493	13529	13558	13590	13615	13641	13672	13704	13731	13756	13797	13832	13865	13891	13924	13953	13988	14019	14051	14083	14112	14124	14159	14189	14226	14273	14307	14334	14362	14410	14440	14467	14490	14511	14546	14577	14616	14656	14672	14702	14731	14757	14806	14834	14866	14904	14932	14954	14985	15000	15025	15065	15088	15107	15125	15151	15174	15191	15200	15219	15235	15263	15283	15302	15324	15339	15364	15395	15425	15443	15463	15497	15524	15550	15575	15598	15627	15654	15708	15733	15771	15805	15833	15853	15876	15912	15936	15966	15995	16016	16030	16050	16073	16100	16121	16140	16168	16192	16215	16231	16269	16307	16331	16359	16381	16414	16443	16470	16496	16529	16550	16578	16611	16637	16660	16690	16722	16756	16779	16803	16843	16876	16900	16910	16934	16968	17003	17048	17101	17144	17195	17219	17245	17350	17459	17502	17556	17597	17651	17715	17764	17811	17859	17914	17946	17974	18016	18065	18112	18146	18182	18214	18245	18275	18310	18342	18376	18445	18481	18509	18547	18587	18624	18663	18700	18730	18772	18817	18846	18877	18909	18955	18990	19035	19073	19101	19127	19170	19211	19233	19264	19297	19333	19372	19413	19456	19482	19509	19539	19573	19611	19652	19691	19727	19767	19812	19867	19897	19932	19969	20006	20039	20078	20098	20127	20161	20193	20222	20247	20270	20285	20313	20340	20372	20410	20442	20460	20478	20499	20532	20550	20569	20594	20623	20649	20683	20721	20744	20772	20813	20850	20893	20935	20967	21002	21037	21069	21096	21116	21163	21188	21224	21252	21272	21301	21338	21368	21396	21432	21478	21522	21636	21669	21715	21756	21789	21821	21843
https://youtu.be/pYyATHeAyHs	うらら : 中澤裕子	596	949	1136	1307	1434	1533	1653	1672	1730	1803	1868	1915	1957	2003	2036	2075	2116	2172	2223	2253	2279	2317	2343	2370	2408	2433	2493	2534	2559	2583	2642	2684	2713	2736	2759	2782	2798	2829	2844	2865	2888	2901	2919	2930	2954	2974	2984	3001	3009	3023	3042	3050	3065	3079	3086	3104	3112	3122	3128	3140	3145	3154	3158	3162	3171	3178	3187	3197	3205	3212	3219	3234	3240	3247	3253	3258	3270	3281	3286	3295	3301	3311	3317	3328	3333	3336	3343	3351	3363	3372	3381	3390	3396	3408	3413	3423	3433	3438	3447	3450	3459	3467	3473	3479	3480	3491	3497	3501	3507	3514	3523	3533	3538	3544	3551	3557	3566	3572	3581	3591	3597	3605	3614	3627	3647	3655	3665	3669	3675	3678	3689	3693	3704	3710	3714	3720	3724	3730	3742	3746	3750	3758	3761	3769	3779	3787	3791	3800	3806	3814	3818	3826	3838	3840	3847	3856	3865	3874	3884	3892	3901	3915	3919	3928	3937	3951	3959	3970	3977	3976	3984	3992	4007	4013	4024	4036	4043	4067	4087	4125	4155	4187	4215	4234	4248	4278	4289	4315	4336	4356	4369	4396	4417	4434	4457	4471	4488	4501	4516	4533	4547	4560	4581	4601	4621	4628	4646	4661	4681	4692	4699	4713	4728	4735	4747	4756	4766	4773	4782	4787	4799	4809	4821	4837	4850	4866	4884	4898	4910	4921	4928	4935	4942	4950	4960	4976	4981	4991	5001	5007	5018	5026	5032	5038	5043	5050	5061	5066	5081	5095	5107	5114	5120	5125	5132	5151	5161	5172	5178	5185	5190	5215	5247	5260	5273	5281	5294	5304	5316	5339	5353	5361	5370	5389	5400	5421	5431	5438	5449	5461	5476	5487	5493	5508	5518	5523	5533	5539	5540	5547	5556	5562	5568	5575	5584	5589	5593	5603	5607	5610	5615	5622	5632	5644	5653	5675	5687	5696	5707	5715	5722	5735	5740	5749	5751	5766	5773	5776	5788	5798	5807	5816	5826	5837	5847	5855	5867	5885	5899	5910	5920	5926	5931	5941	5948	5958	5970	5976	5987	5997	6005	6012	6023	6029	6039	6050	6062	6069	6075	6085	6094	6099	6111	6116	6123	6133	6145	6158	6169	6181	6185	6194	6204	6211	6231	6247	6259	6264	6275	6288	6296	6306	6316	6325	6330	6337	6346	6353	6362	6369	6377	6384	6386	6394	6400	6403	6420	6432	6436	6444	6453	6460	6472	6484	6495	6505	6513	6521	6526	6534	6538	6549	6554	6562	6573	6580	6585	6600	6609	6616	6625	6631	6642	6652	6658	6669	6674	6679	6688	6695	6699	6704	6711	6723	6729	6741	6749	6757	6763	6772	6777	6779	6792	6803	6809	6820	6826	6834	6845	6851	6865	6871	6888	6887	6895	6900	6906	6919	6926	6929	6933	6940	6948	6958	6972	6980	6991	6992	7000	7012	7016	7027	7031	7035	7043	7044	7050	7053	7065	7077	7086	7091	7101	7106	7113	7120	7131	7142	7152	7164	7171	7180	7189	7196	7204	7214	7226	7236	7242	7245	7250	7263	7276	7286	7295	7301	7312	7316	7325	7339	7349	7357	7368	7380	7391	7404	7429	7434	7438	7446	7450	7457	7461	7464	7469	7476	7480	7484	7490	7494	7500	7506	7512	7519	7525	7534	7539	7547	7551	7553	7560	7564	7573	7583	7590	7595	7605	7625	7638	7647	7658	7669	7679	7692
https://youtu.be/ntwFGHRAmYM	純情行進曲 : 中澤ゆうこ	853	1235	1448	1684	1878	2024	2207	2255	2411	2523	2607	2677	2733	2812	2873	2938	2998	3047	3091	3143	3186	3228	3265	3302	3334	3372	3450	3510	3553	3595	3644	3677	3707	3730	3758	3778	3807	3848	3879	3908	3933	3963	3989	4009	4033	4055	4085	4104	4124	4152	4165	4184	4212	4237	4268	4294	4316	4335	4358	4387	4410	4436	4457	4487	4513	4540	4561	4579	4591	4613	4636	4664	4685	4711	4736	4763	4790	4804	4827	4865	4889	4910	4922	4945	4971	4991	5012	5033	5064	5083	5092	5109	5138	5163	5189	5218	5236	5248	5267	5294	5319	5347	5375	5401	5440	5470	5503	5524	5552	5586	5612	5644	5675	5707	5741	5774	5799	5838	5879	5923	5968	6009	6039	6078	6124	6162	6202	6232	6257	6279	6310	6336	6385	6440	6492	6522	6560	6594	6627	6650	6673	6705	6740	6774	6856	6947	7003	7063	7090	7118	7165	7218	7250	7282	7325	7354	7390	7416	7447	7475	7508	7538	7565	7599	7641	7688	7723	7771	7804	7847	7880	7926	7962	7998	8037	8068	8095	8120	8160	8199	8233	8267	8308	8336	8371	8400	8431	8458	8487	8516	8546	8576	8611	8629	8669	8700	8721	8751	8784	8804	8835	8862	8894	8922	8939	8970	9005	9143	9306	9440	9528	9599	9666	9802	9930	10223	10353	10502	10720	10854	10986	11138	11297	11455	11641	11734	11889	11991	12093	12187	12324	12358	12475	12540	12669	12741	12776	12848	12852	12851	12910	12972	13036	13127	13184	13245	13284	13327	13406	13456	13506	13603	13687	13740	13790	13841	13875	13894	13922	13967	13999	14041	14079	14110	14155	14188	14206	14240	14270	14309	14340	14368	14401	14436	14468	14512	14556	14599	14631	14667	14726	14762	14801	14840	14879	14906	14951	14990	15026	15062	15109	15142	15178	15215	15261	15297	15337	15381	15417	15444	15490	15516	15552	15610	15646	15688	15720	15755	15792	15836	15866	15901	15934	15965	15996	16040	16074	16105	16141	16166	16258	16338	16404	16446	16476	16532	16580	16627	16673	16730	16772	16827	16879	16928	16972	17002	17036	17089	17116	17164	17198	17226	17262	17295	17332	17365	17400	17419	17439	17495	17515	17544	17591	17630	17672	17700	17751	17788	17839	17888	17928	17954	17986	18007	18070	18087	18120	18150	18171	18206	18227	18248	18269	18312	18348	18367	18406	18428	18461	18509	18547	18569	18590	18628	18644	18660	18693	18727	18761	18794	18842	18868	18915	18940	18970	19002	19028	19054	19070	19095	19132	19166	19204	19235	19267	19286	19321	19358	19393	19432	19455	19484	19523	19558	19617	19670	19715	19746	19781	19805	19852	19886	19921	19960	19982	20015	20070	20092	20125	20171	20201	20225	20269	20297	20330	20351	20381	20400	20425	20459	20475	20498	20519	20537	20556	20575	20609	20640	20669	20692	20723	20749	20777	20810	20839	20864	20890	20921	20953	20981	21025	21052	21084	21115	21158	21181	21212	21245	21282	21321	21359	21392	21421	21449	21479	21517	21560	21592	21618	21643	21665	21706	21736	21763	21799	21829	21843	21879	21916	21941	21969	22007	22037	22074	22111	22142	22185	22222	22259	22284	22318	22350	22386	22407	22433	22470	22496	22519	22547	22583	22607	22635	22702	22730	22766	22799	22832	22884	22933	22970	23006	23058	23106	23141	23174	23200	23236	23268	23293	23325	23369	23410	23438	23464	23506	23539	23582	23644	23687	23738	23788	23824	23849	23881
https://youtu.be/yq56-g1wRhI	DO MY BEST : 中澤裕子	765	1168	1377	1595	1739	1878	2052	2080	2187	2288	2356	2432	2490	2548	2602	2655	2708	2777	2844	2907	2956	3014	3059	3096	3148	3184	3247	3298	3343	3385	3423	3443	3470	3505	3545	3576	3603	3643	3687	3724	3777	3819	3845	3871	3898	3929	3962	3989	4009	4022	4045	4064	4084	4098	4119	4145	4167	4185	4195	4219	4234	4254	4267	4272	4288	4296	4310	4336	4355	4368	4382	4401	4408	4428	4441	4465	4484	4499	4515	4527	4546	4562	4573	4591	4594	4605	4615	4635	4653	4667	4677	4691	4708	4718	4733	4748	4763	4774	4791	4798	4812	4823	4833	4849	4861	4873	4885	4895	4912	4925	4930	4942	4947	4961	4966	4981	4992	4999	5017	5030	5042	5055	5060	5074	5083	5094	5111	5120	5132	5146	5153	5157	5160	5170	5177	5185	5200	5209	5223	5231	5240	5247	5255	5265	5280	5287	5292	5303	5307	5321	5325	5342	5347	5354	5360	5363	5371	5386	5400	5409	5416	5425	5433	5437	5445	5457	5469	5477	5492	5504	5510	5519	5525	5525	5530	5537	5543	5548	5553	5569	5580	5593	5602	5606	5613	5622	5629	5637	5650	5657	5666	5672	5682	5690	5701	5715	5722	5730	5739	5738	5743	5754	5768	5778	5788	5792	5802	5807	5812	5818	5823	5831	5837	5842	5852	5870	5877	5883	5888	5892	5903	5912	5920	5930	5939	5945	5964	5976	5980	5984	5992	6007	6013	6022	6038	6042	6049	6056	6064	6070	6082	6089	6100	6106	6114	6126	6134	6145	6155	6171	6183	6201	6208	6215	6229	6243	6248	6258	6265	6270	6276	6288	6295	6304	6308	6312	6330	6335	6354	6365	6373	6387	6394	6403	6415	6423	6438	6448	6462	6476	6487	6490	6502	6512	6525	6532	6542	6545	6552	6562	6570	6576	6586	6597	6605	6609	6616	6632	6646	6652	6665	6676	6682	6699	6714	6723	6730	6733	6740	6746	6753	6765	6769	6777	6785	6797	6809	6816	6831	6843	6849	6858	6879	6885	6895	6911	6920	6932	6939	6950	6960	6970	6980	6991	6995	7003	7009	7018	7030	7042	7052	7061	7066	7070	7085	7093	7109	7118	7124	7131	7137	7141	7152	7167	7185	7197	7207	7219	7231	7239	7251	7258	7272	7280	7303	7313	7327	7338	7344	7355	7366	7380	7401	7443	7459	7475	7485	7503	7517	7528	7536	7547	7554	7565	7576	7584	7644	7671	7680	7698	7707	7724	7742	7753	7770	7783	7791	7796	7805	7820	7828	7841	7849	7859	7871	7883	7893	7911	7920	7925	7934	7938	7943	7952	7963	7974	7982	7990	7999	8007	8014	8022	8031	8044	8050	8057	8068	8078	8086	8094	8103	8109	8115	8121	8127	8134	8143	8154	8164	8171	8175	8182	8189	8196	8200	8212	8219	8231	8235	8243	8250	8257	8261	8264	8271	8276	8282	8291	8298	8311	8316	8323	8332	8343	8353	8360	8365	8375	8383	8387	8389	8395	8407	8410	8415	8418	8426	8434	8442	8452	8458	8468	8477	8481	8490	8501	8507	8515	8520	8526	8537	8554	8565	8582	8588	8596	8603	8608	8613	8619	8628	8631	8638	8648	8653	8660	8674	8683	8690	8693	8696	8700	8707	8714	8721	8729	8732	8738	8745	8752	8759	8766	8771	8774	8775	8785	8795	8804	8807	8806	8813	8815	8819	8826	8837	8849	8857	8872	8879	8888	8898	8909	8918	8924
https://youtu.be/tIYWgbNlt6M	カラスの女房 : 中澤ゆうこ	3812	6665	7929	9044	10062	10957	11716	11862	12243	12490	12688	12898	13068	13318	13482	13632	13834	14036	14228	14361	14516	14653	14767	14877	15031	15163	15363	15545	15714	15877	16028	16147	16300	16445	16618	16766	16881	17069	17207	17384	17512	17627	17759	17887	18025	18173	18299	18424	18574	18702	18820	18914	19028	19161	19300	19436	19583	19732	19856	19980	20099	20195	20338	20463	20626	20743	20899	21071	21225	21376	21515	21652	21781	21895	22034	22156	22317	22426	22547	22679	22832	22982	23090	23213	23362	23551	23818	24120	24301	24482	24642	24794	25043	25242	25386	25551	25719	25908	26122	26281	26473	26719	26964	27134	27317	27528	27767	28003	28229	28445	28620	28838	29092	29283	29482	29733	29969	30180	30376	30613	30856	31032	31191	31357	31533	31742	31943	32112	32270	32480	32689	32886	33077	33259	33493	33683	33891	34178	34393	34605	34781	34989	35180	35338	35554	35798	36054	36285	36560	36838	37071	37338	37527	37734	37925	38116	38327	38583	38831	39080	39306	39519	39730	39944	40153	40357	40577	40774	41003	41235	41443	41671	41886	42085	42293	42502	42704	42948	43154	43396	43625	43828	44081	44297	44542	44806	45051	45263	45482	45740	45977	46229	46440	46665	46846	47020	47182	47367	47587	47763	47946	48084	48288	48469	48681	48833	49045	49212	49370	49597	49819	50083	50362	50635	50932	51180	51355	51535	51686	51827	51986	52166	52373	52575	52873	53096	53437	53609	53946	54226	54509	54820	55154	55488	55779	55999	56189	56364	56525	56731	56939	57121	57306	57461	57645	57816	58007	58224	58441	58627	58829	59021	59224	59404	59587	59793	60000	60179	60369	60567	60793	61009	61204	61414	61629	61840	62064	62297	62534	62833	63025	63249	63437	63692	63960	64195	64447	64692	64916	65137	65369	65607	65824	66035	66230	66445	66663	66842	67000	67210	67408	67603	67816	68038	68268	68521	68815	69128	69362	69516	69751	69945	70156	70419	70620	70789	71015	71224	71552	71805	72084	72334	72540	72735	72940	73149	73327	73514	73742	73956	74217	74445	74639	74792	74912	75065	75224	75366	75508	75646	75806	75960	76114	76253	76415	76564	76691	76850	76992	77176	77306	77456	77612	77776	77930	78091	78294	78425	78559	78693	78816	78933	79057	79241	79395	79526	79712	79893	80057	80189	80330	80451	80578	80720	81022	81141	81276	81392	81531	81687	81845	81992	82167	82352	82510	82623	82752	82887	83030	83178	83330	83439	83566	83710	83862	84011	84233	84441	84598	84775	84926	85087	85246	85410	85598	85750	85907	86061	86216	86365	86530	86688	86855	87011	87154	87279	87441	87612	87772	87911	88008	88157	88296	88458	88632	88807	88959	89117	89275	89422	89551	89711	89856	90006	90167	90313	90486	90640	90819	91017	91179	91335	91509	91689	91865	92038	92172	92307	92468	92603	92760	92906	93097	93257	93376	93545	93707	93901	94064	94241	94437	94611	94784	94931	95118	95269	95471	95698	95927	96168	96361	96547	96762	96960	97167	97306	97503	97713	97891	98072	98260	98464	98711	98960	99238	99544	99950	100360	100724	101034	101241	101458	101717	102011	102260	102555	102843	103133	103381	103628	103861	104094	104367	104622	104854	105079	105312	105517	105721	105927	106096	106273	106416	106593	106817	106968	107181	107364	107555	107783	108014	108253	108478	108720	108923	109105	109303	109516	109720	109953	110163	110356	110535	110766	111046	111331	111606	111857	112111	112352	112580	112816	113045	113288	113529	113749	113944	114397	114603	114893	115170	115347	115606	115847
https://youtu.be/VCc-8OggiUA	だんな様 : 中澤裕子	712	1062	1249	1440	1571	1688	1818	1846	1944	2019	2095	2138	2193	2274	2324	2370	2421	2481	2539	2580	2622	2679	2712	2741	2784	2816	2874	2931	2977	3013	3045	3074	3101	3124	3158	3189	3211	3246	3266	3291	3311	3333	3361	3378	3401	3428	3450	3471	3478	3500	3520	3539	3557	3571	3585	3598	3614	3624	3637	3648	3657	3671	3682	3691	3710	3720	3743	3761	3775	3794	3810	3826	3839	3851	3860	3868	3883	3894	3902	3911	3924	3936	3946	3955	3964	3975	3981	3993	4001	4012	4029	4041	4054	4062	4073	4076	4078	4089	4102	4116	4126	4141	4154	4167	4175	4185	4195	4205	4220	4228	4235	4243	4255	4272	4280	4290	4303	4318	4331	4346	4355	4365	4372	4388	4400	4413	4422	4427	4436	4447	4457	4466	4475	4484	4534	4548	4558	4567	4581	4589	4603	4610	4615	4617	4623	4632	4640	4645	4652	4660	4670	4678	4685	4691	4696	4705	4723	4733	4751	4763	4767	4780	4782	4794	4801	4811	4829	4846	4854	4862	4869	4876	4883	4893	4900	4908	4916	4927	4937	4944	4955	4968	5012	5028	5040	5055	5066	5087	5100	5109	5115	5133	5147	5164	5170	5175	5182	5193	5209	5217	5222	5234	5243	5251	5265	5279	5293	5298	5305	5313	5317	5327	5339	5349	5359	5368	5376	5381	5388	5396	5406	5417	5428	5444	5454	5460	5478	5497	5509	5525	5534	5544	5551	5562	5575	5581	5589	5601	5615	5630	5645	5655	5665	5670	5675	5686	5696	5705	5718	5733	5749	5761	5773	5780	5787	5803	5819	5831	5846	5861	5869	5890	5904	5922	5934	5946	5956	5970	5979	6010	6034	6041	6050	6069	6079	6094	6111	6120	6135	6151	6174	6193	6205	6218	6235	6255	6275	6299	6309	6323	6335	6345	6368	6384	6395	6404	6414	6422	6428	6440	6451	6461	6475	6496	6508	6524	6533	6546	6561	6569	6576	6590	6599	6632	6650	6673	6686	6697	6709	6722	6729	6739	6758	6769	6778	6795	6811	6825	6836	6855	6871	6886	6892	6905	6920	6937	6950	6965	6976	7002	7014	7024	7035	7043	7052	7060	7083	7093	7099	7116	7127	7137	7146	7169	7181	7193	7207	7212	7224	7240	7250	7258	7267	7274	7295	7311	7321	7335	7353	7371	7380	7394	7414	7421	7424	7434	7443	7459	7466	7476	7486	7490	7497	7506	7513	7516	7585	7600	7606	7616	7622	7632	7650	7661	7673	7686	7696	7704	7714	7731	7736	7746	7753	7761	7769	7782	7793	7841	7860	7867	7871	7874	7883	7893	7906	7914	7918	7925	7944	7948	7957	7961	7970	7979	7987	8003	8018	8027	8040	8053	8064	8076	8088	8094	8096	8105	8115	8124	8136	8144	8155	8157	8170	8177	8181	8185	8195	8198	8207	8210	8221	8232	8237	8243	8247	8257	8270	8283	8291	8302	8316	8328	8336	8345	8354	8364	8374	8382	8391	8396	8402	8412	8426	8432	8443	8454	8460	8474	8489	8498	8500	8504	8511	8518	8530	8541	8547	8556	8561	8564	8570	8580	8592	8600	8610	8616	8628	8640	8647	8659	8665	8676	8688	8704	8714	8726	8743	8752	8761	8769	8773	8779	8793	8798	8801	8804	8808	8815	8825	8833	8842	8850	8856	8861	8869	8877	8886	8898	8906	8911	8922	8927	8932	8941	8949	8956	8965	8986	8991	9002	9014	9027	9036	9046
